,Tubelabel_species,Health_Status,Date_Extracted,Raw_ng_ul,Extraction_physical_location,Date_Enriched,Microbe_Location,colony,Date_16S,Date_ITS2,16S double band
1,052022_BEL_CBC_T1_2_SSID,Healthy,12_2_2024,7.73,"UML_NARWHAL_R2_B14, UML_NARWHAL_R2_B33",,,1_3,1_22_2025,6_26_2025,
2,092023_BEL_CBC_T1_175_PAST,Healthy,1_15_2025,2.3,UML_NARWHAL_R2_B15,,,1_13,1_22_2025,6_26_2025,y
4,022024_BEL_CBC_T3_851_PSTR,Healthy,11_26_2024,64.2,UML_NARWHAL_R2_B13,,,3_70,1_23_2025,6_26_2025,
5,082024_BEL_CBC_T4_1609_OFAV,Healthy,1_15_2025,61.2,UML_NARWHAL_R2_B15,,,4_78,1_23_2025,6_26_2025,y
6,122023_BEL_CBC_T3_526_SSID,Healthy,11_19_2024,16.4,UML_NARWHAL_R2_B13,,,3_5,1_23_2025,6_26_2025,
7,112023_BEL_CBC_T4_399_MCAV,Healthy,11_15_2024,13.9,UML_NARWHAL_R2_B12,,,4_76,1_23_2025,6_26_2025,
8,112023_BEL_CBC_T3_355_PSTR,Healthy,11_15_2024,1.27,UML_NARWHAL_R2_B12,,,3_70,1_23_2025,6_26_2025,
9,082024_BEL_CBC_T3_1554_OANN,Healthy,1_15_2025,199.6,UML_NARWHAL_R2_B15,,,3_38,1_23_2025,6_27_2025,
10,042024_BEL_CBC_T2_1018_PAST,Healthy,12_2_2024,25.9,UML_NARWHAL_R2_B14,,,2_57,1_23_2025,6_27_2025,y
11,052022_BEL_CBC_T3_11_PAST,Healthy,8_19_2024,8.57,"UML_NARWHAL_R2_B29, UML_NARWHAL_R2_B34",9_28_2024,UML_NARWHAL_R6_B30,3_6,2_24_2025,6_27_2025,
12,062019_BEL_CBC_T1_22_MCAV,Healthy,11_26_2024; 2022,34.2; 6.67,UML_NARWHAL_R2_B33,11_5_2024 (from 2022 extract),UML_NARWHAL_R6_B27,1_24,2_24_2025,6_27_2025,
13,052022_BEL_CBC_T2_71_OFAV,Healthy,10_3_2023,98.8,UML_NARWHAL_R2_B3,10_16_2023,UML_NARWHAL_R6_B1,2_79,2_24_2025,6_27_2025,y
14,052022_BEL_CBC_T3_8_PAST,Healthy,2022,4.032,UML_NARWHAL_R2_B32,11_6_2024,UML_NARWHAL_R6_B27,3_10,2_24_2025,6_27_2025,
15,122022_BEL_CBC_T3_123_PAST,Healthy,9_11_2024,2.67,UML_NARWHAL_R2_B29,10_16_2024,UML_NARWHAL_R6_B27,3_10,2_24_2025,6_27_2025,
16,102019_BEL_CBC_T1_29_PSTR,Healthy,5_30_2023,3.2," UML_NARWHAL_R2_B35, UML_NARWHAL_R2_B3",10_17_2023,UML_NARWHAL_R2_B1,1_12,2_24_2025,6_30_2025,
17,052022_BEL_CBC_T2_9_PAST,Healthy,9_11_2024,4.32,UML_NARWHAL_R2_B29,9_28_2024,UML_NARWHAL_R6_B30,2_63,2_24_2025,6_30_2025,
18,112023_BEL_CBC_T1_276_MCAV,Healthy,11_13_2024,11.1,UML_NARWHAL_R2_B12,,,1_24,2_25_2025,6_30_2025,
19,122023_BEL_CBC_T3_531_PSTR,Healthy,11_19_2024,16.8,UML_NARWHAL_R2_B13,,,3_70,2_25_2025,6_30_2025,
20,122023_BEL_CBC_T2_518_MCAV,Healthy,11_18_2024,18.8,UML_NARWHAL_R2_B13,,,2_55,2_25_2025,6_30_2025,
21,082024_BEL_CBC_T4_1606_PSTR,Healthy,1_15_2025,32.4,UML_NARWHAL_R2_B15,,,4_98,2_25_2025,6_30_2025,
22,122023_BEL_CBC_T3_525_PAST,Healthy,11_19_2024,2.54,UML_NARWHAL_R2_B13,,,3_6,2_25_2025,6_30_2025,
23,082024_BEL_CBC_T3_1562_OFAV,Healthy,1_15_2025,76,UML_NARWHAL_R2_B15,,,3_39,2_25_2025,7_2_2025,
24,112023_BEL_CBC_T3_352_PAST,Healthy,11_15_2024,9.16,UML_NARWHAL_R2_B12,,,3_10,2_25_2025,7_2_2025,
25,082024_BEL_CBC_T1_1482_OANN,Healthy,1_14_2025,15.9,UML_NARWHAL_R2_B15,,,1_25,2_26_2025,7_2_2025,
26,092023_BEL_CBC_T2_184_MCAV,Healthy,11_8_2024,18.9,UML_NARWHAL_R2_B12,,,2_60,2_26_2025,7_2_2025,
27,082024_BEL_CBC_T3_1558_MCAV,Healthy,1_15_2025,RECHECK,UML_NARWHAL_R2_B15,,,3_14,2_26_2025,7_2_2025,
28,062024_BEL_CBC_T3_1442_OFAV,Healthy,1_13_2025,71.4,UML_NARWHAL_R2_B15,,,3_39,2_26_2025,7_2_2025,y
29,062024_BEL_CBC_T2_1375_SSID,Healthy,12_4_2024,71,UML_NARWHAL_R2_B15,,,2_73,2_26_2025,7_2_2025,y
30,082024_BEL_CBC_T3_1561_MCAV,Healthy,1_15_2025,73.6,UML_NARWHAL_R2_B15,,,3_21,2_26_2025,7_3_2025,
31,122023_BEL_CBC_T3_524_OFAV,Healthy,11_19_2024,71.8,UML_NARWHAL_R2_B13,,,3_38,2_26_2025,7_3_2025,
32,122023_BEL_CBC_T4_539_MCAV,Healthy,11_19_2024,27.8,UML_NARWHAL_R2_B13,,,4_76,2_27_2025,7_3_2025,
33,122023_BEL_CBC_T2_513_SSID,Healthy,11_18_2024,18.8,UML_NARWHAL_R2_B13,,,2_73,2_27_2025,7_3_2025,
34,092023_BEL_CBC_T1_171_PAST,Healthy,11_8_2024,2.16,UML_NARWHAL_R2_B12,,,1_2,2_27_2025,7_3_2025,
35,092023_BEL_CBC_T4_92_PSTR,Healthy,11_12_2024,4.54,UML_NARWHAL_R2_B12,,,4_98,2_27_2025,7_3_2025,
36,082024_BEL_CBC_T1_1479_PAST,Healthy,1_14_2025,62.6,UML_NARWHAL_R2_B15,,,1_2,2_27_2025,7_3_2025,
37,092023_BEL_CBC_T2_174_SSID,Healthy,11_8_2024,43.2,UML_NARWHAL_R2_B12,,,2_72,2_27_2025,7_3_2025,
38,062024_BEL_CBC_T3_1439_OFAV ,Healthy,1_13_2025,52.6,UML_NARWHAL_R2_B15,,,3_66,2_27_2025,7_3_2025,
39,122023_BEL_CBC_T1_507_PAST,Healthy,11_18_2024,1.58,UML_NARWHAL_R2_B13,,,1_21,3_4_2025,7_3_2025,
40,122023_BEL_CBC_T3_532_MCAV,Healthy,11_19_2024,93.8,UML_NARWHAL_R2_B13,,,3_21,3_4_2025,7_3_2025,
41,082024_BEL_CBC_T3_1560_PSTR,Healthy,1_14_2025,64.8,UML_NARWHAL_R2_B15,,,3_70,3_4_2025,7_3_2025,y
42,062024_BEL_CBC_T2_1396_MCAV,Healthy,12_4_2024,47.5,UML_NARWHAL_R2_B15,,,2_69,3_4_2025,7_3_2025,
43,112023_BEL_CBC_T4_401_MCAV,Healthy,11_15_2024,21.8,UML_NARWHAL_R2_B12,,,4_30,3_4_2025,7_3_2025,
44,062024_BEL_CBC_T3_1415_MCAV,Diseased_Tissue,9_10_2024,42,UML_NARWHAL_R2_B11,,,3_2,3_4_2025,7_3_2025,
45,092023_BEL_CBC_T2_181_PAST,Healthy,11_8_2024,5.5,UML_NARWHAL_R2_B12,,,2_63,3_4_2025,7_7_2025,
46,042024_BEL_CBC_T4_1046_PSTR,Healthy,12_3_2024,50.7,UML_NARWHAL_R2_B14,,,4_98,3_4_2025,7_7_2025,
47,052022_BEL_CBC_T2_1_SSID,Healthy,12_4_2024,33.2,UML_NARWHAL_R2_B15,,,2_73,3_4_2025,7_7_2025,
48,012024_BEL_CBC_T2_601_OFAV,Healthy,2_17_2025,89,UML_NARWHAL_R2_B16,,,2_79,3_4_2025,7_7_2025,
49,012024_BEL_CBC_T3_631_MCAV,Healthy,2_20_2025,77.6,UML_NARWHAL_R2_B16,,,3_21,3_4_2025,7_7_2025,
50,012024_BEL_CBC_T1_557_SSID,Healthy,2_17_2025,44.6,UML_NARWHAL_R2_B16,,,1_3,3_4_2025,7_7_2025,y
51,022024_BEL_CBC_T1_776_PSTR,Healthy,11_22_2024,20.2,UML_NARWHAL_R2_B13,,,1_12,3_4_2025,7_7_2025,
52,112023_BEL_CBC_T2_307_SSID,Healthy,11_13_2024,45.4,UML_NARWHAL_R2_B12,,,2_99,3_4_2025,7_7_2025,y
53,112023_BEL_CBC_T2_310_MCAV,Healthy,11_13_2024,68.2,UML_NARWHAL_R2_B12,,,2_55,3_4_2025,7_7_2025,
54,012024_BEL_CBC_T3_633_MCAV,Healthy,2_17_2025,49.8,UML_NARWHAL_R2_B16,,,3_2,3_6_2025,7_7_2025,
55,062024_BEL_CBC_T1_1347_OANN,Healthy,12_4_2024,10.7,UML_NARWHAL_R2_B15,,,1_25,3_6_2025,7_7_2025,
56,012024_BEL_CBC_T3_637_SSID,Healthy,2_20_2025,6.46,UML_NARWHAL_R2_B16,,,3_5,3_6_2025,7_7_2025,
57,092023_BEL_CBC_T3_195_PSTR,Healthy,11_12_2024,8.52,UML_NARWHAL_R2_B12,,,3_70,3_6_2025,7_7_2025,
58,012024_BEL_CBC_T1_563_PSTR,Healthy,2_17_2025,35.8,UML_NARWHAL_R2_B16,,,1_12,3_6_2025,7_7_2025,
59,042024_BEL_CBC_T1_927_PSTR,Healthy,12_2_2024,24.7,UML_NARWHAL_R2_B14,,,1_12,3_6_2025,7_7_2025,
60,022024_BEL_CBC_T4_875_MCAV,Healthy,11_26_2024,39,UML_NARWHAL_R2_B13,,,4_30,3_6_2025,7_9_2025,
61,112023_BEL_CBC_T2_304_OFAV,Healthy,11_13_2024,96,UML_NARWHAL_R2_B12,,,2_76,3_6_2025,7_9_2025,y
62,062019_BEL_CBC_T2_18_MCAV_NA,Healthy,2022,7.26,UML_NARWHAL_R2_B33,11_5_2024,UML_NARWHAL_R6_B27,2_69,NA,NA,
63,062019_BEL_CBC_T2_18_MCAV,Healthy,12_2_2024,1.61,UML_NARWHAL_R2_B14,,,2_69,3_6_2025,7_9_2025,
64,122023_BEL_CBC_T1_508_SSID,Healthy,11_18_2024,15.7,UML_NARWHAL_R2_B13,,,1_3,3_6_2025,7_9_2025,
65,122022_BEL_CBC_T3_126_SSID,Healthy,1_14_2025,61,UML_NARWHAL_R2_B15,,,3_33,3_6_2025,7_9_2025,
66,122023_BEL_CBC_T2_515_PAST,Healthy,11_18_2024,9.86,UML_NARWHAL_R2_B13,,,2_68,3_6_2025,7_9_2025,
67,012024_BEL_CBC_T4_661_PSTR,Healthy,2_20_2025,1.41,UML_NARWHAL_R2_B16,,,4_98,3_6_2025,7_9_2025,y
68,092023_BEL_CBC_T3_178_PAST,Healthy,11_12_2024,11.1,UML_NARWHAL_R2_B12,,,3_6,3_6_2025,7_9_2025,
69,092023_BEL_CBC_T3_171_OFAV,Healthy,11_12_2024,43.8,UML_NARWHAL_R2_B12,,,3_39,3_6_2025,7_9_2025,
70,122022_BEL_CBC_T3_127_OFAV,Healthy,6_22_2023,36.3,UML_NARWHAL_R2_B3,10_11_23,UML_NARWHAL_R6_B1,3_39,3_7_2025,7_9_2025,y
71,062019_BEL_CBC_T3_1_MCAV,Healthy,6_13_2022,12.3,"UML_NARWHAL_R2_B32, UML_NARWHAL_R2_B33, UML_NARWHAL_R2_B35",10_30_24,UML_NARWHAL_R6_B27,3_2,3_7_2025,7_9_2025,
72,062019_BEL_CBC_T1_21_PAST,Healthy,8_19_2024,1.9,UML_NARWHAL_R2_B29,10_6_2024,UML_NARWHAL_R6_B30,1_21,3_7_2025,7_9_2025,
73,052022_BEL_CBC_T3_66_OFAV,Healthy,6_21_2023,17.8,UML_NARWHAL_R2_B3,10_11_23,UML_NARWHAL_R6_B1,3_38,3_7_2025,7_9_2025,
74,122022_BEL_CBC_T3_124_PAST,Healthy,9_11_2024,2.7,UML_NARWHAL_R2_B29,10_16_2024,UML_NARWHAL_R6_B27,3_34,3_7_2025,7_9_2025,y
75,122022_BEL_CBC_T3_142_MCAV,Healthy,8_12_2024,0.355,UML_NARWHAL_R2_B26,10_6_2024,UML_NARWHAL_R6_B30,3_14,3_7_2025,7_9_2025,
76,122022_BEL_CBC_T3_141_PSTR,Healthy,7_12_2024,6.21,UML_NARWHAL_R2_B26,8_6_2024,UML_NARWHAL_R6_B27,3_20,3_7_2025,7_10_2025,
77,092023_BEL_CBC_T4_94_MCAV,Healthy,11_12_2024,9.32,UML_NARWHAL_R2_B12,,,4_76,3_10_2025,7_10_2025,
78,012024_BEL_CBC_T4_663_PSTR,Healthy,2_20_2025,8.44,UML_NARWHAL_R2_B16,,,4_79,3_10_2025,7_10_2025,
79,022024_BEL_CBC_T1_775_OANN,Healthy,11_22_2024,13.8,UML_NARWHAL_R2_B13,,,1_25,3_10_2025,7_10_2025,
80,022024_BEL_CBC_T2_804_OFAV,Healthy,11_22_2024,86.8,UML_NARWHAL_R2_B13,,,2_76,3_10_2025,7_10_2025,
81,012024_BEL_CBC_T3_627_PAST,Healthy,2_20_2025,10.5,UML_NARWHAL_R2_B16,,,3_34,3_10_2025,7_10_2025,y
82,062024_BEL_CBC_T1_1353_MCAV,Healthy,12_4_2024,39.6,UML_NARWHAL_R2_B15,,,1_24,3_10_2025,7_10_2025,
83,092023_BEL_CBC_T3_173_OFAV,Healthy,11_12_2024,106,UML_NARWHAL_R2_B12,,,3_66,3_10_2025,7_10_2025,
84,022024_BEL_CBC_T4_874_OFAV,Healthy,11_26_2024,35.9,UML_NARWHAL_R2_B13,,,4_78,3_10_2025,7_10_2025,
85,042024_BEL_CBC_T4_1047_MCAV,Healthy,12_3_2024,72.4,UML_NARWHAL_R2_B14,,,4_28,3_10_2025,7_10_2025,
86,122023_BEL_CBC_T2_522_MCAV,Healthy,11_18_2024,17.3,UML_NARWHAL_R2_B13,,,2_60,3_10_2025,7_10_2025,
87,082024_BEL_CBC_T4_1607_PSTR,Healthy,1_15_2025,10.9,UML_NARWHAL_R2_B15,,,4_79,3_10_2025,7_10_2025,
88,042024_BEL_CBC_T2_1026_OFAV,Healthy,12_2_2024,72.8,UML_NARWHAL_R2_B14,,,2_76,3_10_2025,7_10_2025,y
89,012024_BEL_CBC_T2_605_SSID,Healthy,2_17_2025,59.8,UML_NARWHAL_R2_B16,,,2_99,3_10_2025,7_10_2025,y
90,082024_BEL_CBC_T2_1510_PAST,Healthy,1_14_2025,31.6,UML_NARWHAL_R2_B15,,,2_68,3_10_2025,7_10_2025,
91,052022_BEL_CBC_T3_13_MCAV,Healthy,6_15_2022,3,UML_NARWHAL_R2_B35,10_30_24,UML_NARWHAL_R6_B27,3_14,1_2_2025,7_11_2025,
92,062024_BEL_CBC_T3_1433_PSTR,Healthy,12_5_2024,18.6,UML_NARWHAL_R2_B15,,,3_70,1_2_2025,7_11_2025,
93,042024_BEL_CBC_T3_960_OFAV,Healthy,12_3_2024,31.8,UML_NARWHAL_R2_B14,,,3_66,1_2_2025,7_11_2025,
94,022024_BEL_CBC_T2_814_MCAV,Healthy,11_22_2024,58.2,UML_NARWHAL_R2_B13,,,2_60,1_2_2025,7_11_2025,
95,042024_BEL_CBC_T2_1144_MCAV,Healthy,12_2_2024,75.1,UML_NARWHAL_R2_B14,,,2_69,1_2_2025,7_11_2025,
96,052022_BEL_CBC_T3_19_MCAV,Healthy,2022,17.4,UML_NARWHAL_R2_B32,10_30_24,UML_NARWHAL_R6_B27,3_21,1_2_2025,7_11_2025,
97,042024_BEL_CBC_T2_1014_OFAV,Healthy,12_2_2024,59,UML_NARWHAL_R2_B14,,,2_79,3_10_2025,7_11_2025,
98,022024_BEL_CBC_T2_812_PAST,Healthy,11_22_2024,26.6,UML_NARWHAL_R2_B13,,,2_57,8_8_2025,NA,y
99,112023_BEL_CBC_T1_274_PAST,Healthy,11_13_2024,0.386,UML_NARWHAL_R2_B12,,,1_21,8_8_2025,NA,y
100,092023_BEL_CBC_T3_174_OFAV,Healthy,11_12_2024,30.2,UML_NARWHAL_R2_B12,,,3_38,8_8_2025,NA,y
101,062019_BEL_CBC_T2_17_SSID,Healthy,12_4_2024,3.79,UML_NARWHAL_R2_B15,,,2_73,8_8_2025,NA,
102,022024_BEL_CBC_T4_870_MCAV,Healthy,11_26_2024,41.4,UML_NARWHAL_R2_B13,,,4_28,8_8_2025,NA,
103,042024_BEL_CBC_T4_1044_PSTR,Healthy,12_3_2024,13.2,UML_NARWHAL_R2_B14,,,4_79,8_8_2025,NA,
104,022024_BEL_CBC_T3_848_MCAV,Healthy,11_26_2024,59,UML_NARWHAL_R2_B13,,,3_14,8_8_2025,NA,
105,122023_BEL_CBC_T4_540_MCAV,Healthy,11_19_2024,49.8,UML_NARWHAL_R2_B13,,,4_30,8_11_2025,NA,y
106,122022_BEL_CBC_T4_11_MCAV,Healthy,8_12_2024,0.348,UML_NARWHAL_R2_B29,11_6_2024,UML_NARWHAL_R6_B27,4_30,8_11_2025,NA,
107,112023_BEL_CBC_T3_357_OFAV,Healthy,11_15_2024,50.6,UML_NARWHAL_R2_B12,,,3_39,8_11_2025,NA,
108,092023_BEL_CBC_T2_183_MCAV,Healthy,11_8_2024,11.8,UML_NARWHAL_R2_B12,,,2_55,8_11_2025,NA,
109,022024_BEL_CBC_T2_805_SSID,Diseased_Tissue,9_10_2024,10.2,UML_NARWHAL_R2_B11,,,2_72,8_11_2025,NA,
110,042024_BEL_CBC_T3_946_OFAV,Healthy,12_3_2024,56.7,UML_NARWHAL_R2_B14,,,3_39,8_11_2025,NA,y
111,082024_BEL_CBC_T2_1508_SSID,Healthy,1_14_2025,39.6,UML_NARWHAL_R2_B15,,,2_73,8_11_2025,NA,y
112,082024_BEL_CBC_T1_1481_PSTR,Healthy,1_14_2025,45.8,UML_NARWHAL_R2_B15,,,1_12,8_22_2025,NA,
113,012024_BEL_CBC_T2_591_PAST,Healthy,2_17_2025,29.4,UML_NARWHAL_R2_B16,,,2_68,8_22_2025,NA,y
114,022024_BEL_CBC_T3_847_PAST,Healthy,11_26_2024,54,UML_NARWHAL_R2_B13,,,3_10,8_22_2025,NA,y
115,052022_BEL_CBC_T2_12_MCAV,Healthy,8_12_2024,0.902,UML_NARWHAL_R2_B26,10_6_2024,UML_NARWHAL_R6_B30,2_55,8_22_2025,NA,y
116,012024_BEL_CBC_T1_559_MCAV,Healthy,2_17_2025,14.8,UML_NARWHAL_R2_B16,,,1_24,8_22_2025,NA,
117,112023_BEL_CBC_T4_397_PSTR,Healthy,11_15_2024,11.9,UML_NARWHAL_R2_B12,,,4_98,8_22_2025,NA,
118,042024_BEL_CBC_T1_928_OANN,Healthy,12_2_2024,14.9,UML_NARWHAL_R2_B14,,,1_25,8_22_2025,NA,
119,122022_BEL_CBC_T1_156_SSID,Healthy,12_2_2024,5.33,UML_NARWHAL_R2_B14,,,1_3,8_26_2025,NA,y
120,012024_BEL_CBC_T4_669_MCAV,Healthy,2_20_2025,30.8,UML_NARWHAL_R2_B16,,,4_30,8_26_2025,NA,
121,012024_BEL_CBC_T4_665_MCAV,Healthy,2_20_2025,16.3,UML_NARWHAL_R2_B16,,,4_76,8_26_2025,NA,
122,052022_BEL_CBC_T2_3_SSID,Healthy,1_13_2025,12.1,UML_NARWHAL_R2_B15,,,2_72,8_26_2025,NA,y
123,112023_BEL_CBC_T3_354_PSTR,Healthy,11_15_2024,2.34,UML_NARWHAL_R2_B12,,,3_20,8_26_2025,NA,
124,082024_BEL_CBC_T3_1557_PAST,Healthy,1_15_2025,4.42,UML_NARWHAL_R2_B15,,,3_10,8_26_2025,NA,y
125,122022_BEL_CBC_T2_92_MCAV,Healthy,8_12_2024,0.166,UML_NARWHAL_R2_B26,10_6_2024,UML_NARWHAL_R6_B30,2_69,8_26_2025,NA,
126,062019_BEL_CBC_T2_21_PAST,Healthy,9_16_2024,0.841,"UML_NARWHAL_R2_B34, UML_NARWHAL_R2_B32, UML_NARWHAL_R2_B35",11_6_2024,UML_NARWHAL_R6_B27,2_57,8_26_2025,NA,y
127,042024_BEL_CBC_T3_955_OFAV,Healthy,12_3_2024,155,UML_NARWHAL_R2_B14,,,3_38,8_28_2025,NA,
128,122022_BEL_CBC_T1_150_PAST,Healthy,8_19_2024,5.72,"UML_NARWHAL_R2_B29, UML_NARWHAL_R2_B34",9_28_2024,UML_NARWHAL_R6_B30,1_21,8_28_2025,NA,y
129,112023_BEL_CBC_T2_313_SSID,Healthy,11_13_2024,43.4,UML_NARWHAL_R2_B12,,,2_72,8_28_2025,NA,y
130,092023_BEL_CBC_T2_179_SSID,Healthy,11_8_2024,10,UML_NARWHAL_R2_B12,,,2_99,8_28_2025,NA,y
131,042024_BEL_CBC_T4_1042_OFAV,Healthy,12_3_2024,77.8,UML_NARWHAL_R2_B14,,,4_78,8_28_2025,NA,y
132,112023_BEL_CBC_T3_353_MCAV,Healthy,11_15_2024,10.6,UML_NARWHAL_R2_B12,,,3_14,8_28_2025,NA,
133,092023_BEL_CBC_T4_96_MCAV,Healthy,11_12_2024,16.5,UML_NARWHAL_R2_B12,,,4_30,8_28_2025,NA,y
134,062019_BEL_CBC_T3_5_SSID,Healthy,12_3_2024,30.6,UML_NARWHAL_R2_B14,,,3_5,8_28_2025,NA,y
135,112023_BEL_CBC_T3_359_PAST,Healthy,11_15_2024,1.98,UML_NARWHAL_R2_B12,,,3_34,8_28_2025,NA,y
136,042024_BEL_CBC_T4_1041_MCAV,Healthy,12_3_2024,53.4,UML_NARWHAL_R2_B14,,,4_30,8_28_2025,NA,
137,052022_BEL_CBC_T2_5_PAST,Healthy,9_11_2024,48.1,UML_NARWHAL_R2_B29,10_6_2024,UML_NARWHAL_R6_B30,2_68,8_28_2025,NA,
138,062024_BEL_CBC_T1_1350_PSTR,Healthy,12_4_2024,18.7,UML_NARWHAL_R2_B15,,,1_12,8_28_2025,NA,
139,082024_BEL_CBC_T3_1553_MCAV,Healthy,1_15_2025,89.8,UML_NARWHAL_R2_B15,,,3_2,8_28_2025,NA,
140,122022_BEL_CBC_T3_151_PSTR,Healthy,7_12_2024,10.8,UML_NARWHAL_R2_B26,8_6_2024,UML_NARWHAL_R6_B27,3_70,8_28_2025,NA,y
141,042024_BEL_CBC_T2_1034_SSID,Diseased_Tissue,9_9_2024,26,UML_NARWHAL_R2_B11,,,2_99,8_28_2025,NA,y
142,122023_BEL_CBC_T2_512_OFAV,Healthy,11_18_2024,28.4,UML_NARWHAL_R2_B13,,,2_76,9_10_2025,NA,
143,122023_BEL_CBC_T4_537_PSTR,Healthy,11_19_2024,5.22,UML_NARWHAL_R2_B13,,,4_79,9_10_2025,NA,
144,062024_BEL_CBC_T3_1436_MCAV,Healthy,12_5_2024,64.4,UML_NARWHAL_R2_B15,,,3_21,9_10_2025,NA,
145,022024_BEL_CBC_T3_844_OFAV,Healthy,11_26_2024,110,UML_NARWHAL_R2_B13,,,3_38,9_10_2025,NA,
146,122023_BEL_CBC_T3_523_MCAV,Healthy,11_19_2024,33,UML_NARWHAL_R2_B13,,,3_2,9_10_2025,NA,
147,122022_BEL_CBC_T3_116_PAST,Healthy,9_11_2024,30.9,UML_NARWHAL_R2_B29,10_6_2024,UML_NARWHAL_R6_B30,3_6,9_10_2025,NA,
148,022024_BEL_CBC_T4_873_MCAV,Healthy,11_26_2024,81.4,UML_NARWHAL_R2_B13,,,4_76,9_10_2025,NA,
149,122023_BEL_CBC_T1_506_PAST,Healthy,11_18_2024,3.44,UML_NARWHAL_R2_B13,,,1_2,9_10_2025,NA,
150,112023_BEL_CBC_T2_306_MCAV,Healthy,11_13_2024,32.8,UML_NARWHAL_R2_B12,,,2_69,9_10_2025,NA,
151,042024_BEL_CBC_T4_1045_MCAV,Healthy,12_3_2024,70.5,UML_NARWHAL_R2_B14,,,4_76,9_10_2025,NA,
152,022024_BEL_CBC_T2_806_SSID,Diseased_Margin,11_4_2024,2.46,UML_NARWHAL_R2_B11,,,2_72,9_10_2025,NA,
153,092023_BEL_CBC_T2_175_PAST,Healthy,11_8_2024,31.6,UML_NARWHAL_R2_B12,,,2_68,9_10_2025,NA,
154,022024_BEL_CBC_T2_810_SSID,Healthy,11_22_2024,81.2,UML_NARWHAL_R2_B13,,,2_99,9_10_2025,NA,
155,092023_BEL_CBC_T4_95_OFAV,Healthy,11_12_2024,79.6,UML_NARWHAL_R2_B12,,,4_78,9_10_2025,NA,
156,112023_BEL_CBC_T4_398_PSTR,Healthy,11_15_2024,3.08,UML_NARWHAL_R2_B12,,,4_79,9_10_2025,NA,
157,122022_BEL_CBC_T1_158_PAST,Healthy,8_19_2024,2.53,"UML_NARWHAL_R2_B29, UML_NARWHAL_R2_B34",9_28_2024,UML_NARWHAL_R6_B30,1_2,10_14_2025,NA,
158,122023_BEL_CBC_T3_533_OFAV,Healthy,11_19_2024,51.2,UML_NARWHAL_R2_B13,,,3_39,10_14_2025,NA,
159,022024_BEL_CBC_T3_854_PAST,Healthy,11_26_2024,36,UML_NARWHAL_R2_B13,,,3_34,10_14_2025,NA,
160,082024_BEL_CBC_T2_1512_PAST,Healthy,1_14_2025,57.6,UML_NARWHAL_R2_B15,,,2_63,10_14_2025,NA,
161,062019_BEL_CBC_T2_23_MCAV,Healthy,12_2_2024,3.33,UML_NARWHAL_R2_B14,,,2_55,10_14_2025,NA,
162,122023_BEL_CBC_T1_510_PSTR,Healthy,11_18_2024,57.8,UML_NARWHAL_R2_B13,,,1_12,10_14_2025,NA,
163,022024_BEL_CBC_T2_815_OFAV,Healthy,11_22_2024,60.2,UML_NARWHAL_R2_B13,,,2_79,10_14_2025,NA,
164,062024_BEL_CBC_T3_1424_PAST,Healthy,12_5_2024,5.1,UML_NARWHAL_R2_B15,,,3_10,10_14_2025,NA,
165,112023_BEL_CBC_T2_305_PAST,Healthy,11_13_2024,9.24,UML_NARWHAL_R2_B12,,,2_68,10_14_2025,NA,
166,022024_BEL_CBC_T2_809_MCAV,Healthy,11_22_2024,52.6,UML_NARWHAL_R2_B13,,,2_69,10_14_2025,NA,
167,042024_BEL_CBC_T3_944_SSID,Healthy,12_3_2024,64.6,UML_NARWHAL_R2_B14,,,3_33,10_14_2025,NA,
168,122023_BEL_CBC_T3_529_MCAV,Healthy,11_19_2024,34.8,UML_NARWHAL_R2_B13,,,3_14,10_14_2025,NA,
169,122023_BEL_CBC_T4_535_MCAV,Healthy,11_19_2024,22.6,UML_NARWHAL_R2_B13,,,4_28,10_14_2025,NA,
170,042024_BEL_CBC_T2_1027_PAST,Healthy,12_2_2024,14.7,UML_NARWHAL_R2_B14,,,2_68,10_14_2025,NA,
171,052022_BEL_CBC_T1_1_PAST,Healthy,2022,39.8,"UML_NARWHAL_R2_B32,  UML_NARWHAL_R2_B35",11_5_2024,UML_NARWHAL_R6_B27,1_2,10_14_2025,NA,
172,092023_BEL_CBC_T1_173_SSID,Healthy,11_8_2024,19.9,UML_NARWHAL_R2_B12,,,1_3,10_14_2025,NA,
173,022024_BEL_CBC_T2_811_PAST,Healthy,11_22_2024,13.5,UML_NARWHAL_R2_B13,,,2_63,12_3_2025,NA,
174,082024_BEL_CBC_T3_1556_OFAV,Healthy,1_15_2025,110,UML_NARWHAL_R2_B15,,,3_66,12_3_2025,NA,
175,092023_BEL_CBC_T3_175_MCAV,Healthy,11_12_2024,22,UML_NARWHAL_R2_B12,,,3_14,12_3_2025,NA,
176,022024_BEL_CBC_T2_813_MCAV,Healthy,11_22_2024,69,UML_NARWHAL_R2_B13,,,2_55,12_3_2025,NA,
177,082024_BEL_CBC_T2_1511_SSID,Healthy,1_14_2025,96.2,UML_NARWHAL_R2_B15,,,2_99,12_3_2025,NA,
178,012024_BEL_CBC_T2_599_MCAV,Healthy,2_17_2025,21.8,UML_NARWHAL_R2_B16,,,2_60,12_3_2025,NA,
179,122023_BEL_CBC_T3_528_PAST ,Healthy,11_19_2024,3.06,UML_NARWHAL_R2_B13,,,3_10,12_3_2025,NA,
180,052022_BEL_CBC_T3_1_MCAV,Healthy,6_15_2022,6,"UML_NARWHAL_R2_B32, UML_NARWHAL_R2_B35, UML_NARWHAL_R2_B33",11_5_2024,all_sent_for_sequencing,3_2,12_4_2025,NA,
181,062024_BEL_CBC_T3_1427_MCAV,Healthy,1_13_2025,36,UML_NARWHAL_R2_B15,,,3_14,12_4_2025,NA,
182,112023_BEL_CBC_T1_275_SSID,Healthy,11_13_2024,35,UML_NARWHAL_R2_B12,,,1_3,12_4_2025,NA,
183,012024_BEL_CBC_T2_595_PAST,Healthy,2_17_2025,21.8,UML_NARWHAL_R2_B16,,,2_63,12_4_2025,NA,
184,092023_BEL_CBC_T3_182_MCAV,Healthy,11_12_2024,78.4,UML_NARWHAL_R2_B12,,,3_21,12_4_2025,NA,
185,122022_BEL_CBC_T2_87_OFAV,Healthy,6_27_2023,62.2,UML_NARWHAL_R2_B3,10_11_23,UML_NARWHAL_R6_B1,2_79,12_4_2025,NA,
186,092023_BEL_CBC_T3_177_SSID,Healthy,11_12_2024,16.3,UML_NARWHAL_R2_B12,,,3_5,12_4_2025,NA,
187,062024_BEL_CBC_T4_1473_PSTR,Healthy,1_13_2025,10,UML_NARWHAL_R2_B15,,,4_79,12_4_2025,NA,
188,062019_BEL_CBC_T1_5_SSID,Healthy,12_2_2024,20.5,UML_NARWHAL_R2_B14,,,1_3,12_4_2025,NA,
189,122022_BEL_CBC_T4_1_OFAV,Healthy,7_16_2024,44.7,UML_NARWHAL_R2_B26,8_6_2024,,4_78,12_4_2025,NA,
190,112023_BEL_CBC_T2_314_SSID,Healthy,11_13_2024,65.6,UML_NARWHAL_R2_B12,,,2_73,12_4_2025,NA,
191,052022_BEL_CBC_T3_15_PSTR,Healthy,6_8_2023,13.3,UML_NARWHAL_R2_B3,10_6_2023,UML_NARWHAL_R6_B1,3_20,12_4_2025,NA,
192,092023_BEL_CBC_T1_174_MCAV,Healthy,11_8_2024,45.4,UML_NARWHAL_R2_B12,,,1_24,12_4_2025,NA,
193,012024_BEL_CBC_T3_639_OFAV,Healthy,2_20_2025,77.8,UML_NARWHAL_R2_B16,,,3_66,NA,NA,
194,122023_BEL_CBC_T2_520_PAST,Healthy,11_18_2024,5.98,UML_NARWHAL_R2_B13,,,2_57,NA,NA,
195,052022_BEL_CBC_T2_10_MCAV,Healthy,2022,7.94,"UML_NARWHAL_R2_B32, UML_NARWHAL_R2_B29, UML_NARWHAL_R2_B35",10_30_24,UML_NARWHAL_R6_B27,2_60,NA,NA,
196,042024_BEL_CBC_T2_1035_SSID,Diseased_Margin,11_4_2024,1.14,UML_NARWHAL_R2_B11,,,2_99,NA,NA,
197,052022_BEL_CBC_T3_65_OFAV,Healthy,6_21_2023,26.8,UML_NARWHAL_R2_B3,10_11_23,UML_NARWHAL_R6_B1,3_39,NA,NA,
198,092023_BEL_CBC_T4_93_PSTR,Healthy,11_12_2024,31.4,UML_NARWHAL_R2_B12,,,4_79,NA,NA,
199,042024_BEL_CBC_T3_959_SSID,Healthy,12_3_2024,21.5,UML_NARWHAL_R2_B14,,,3_5,NA,NA,
200,082024_BEL_CBC_T3_1563_SSID,Healthy,1_15_2025,RECHECK,UML_NARWHAL_R2_B15,,,3_33,NA,NA,
201,122022_BEL_CBC_T2_93_OFAV,Healthy,6_27_2023,46.1,UML_NARWHAL_R2_B3,10_11_23,UML_NARWHAL_R6_B1,2_76,NA,NA,
202,062024_BEL_CBC_T2_1369_SSID,Diseased_Tissue,9_10_2024,21,UML_NARWHAL_R2_B11,,,2_72,NA,NA,
203,062024_BEL_CBC_T4_1470_PSTR,Healthy,1_13_2025,21.4,UML_NARWHAL_R2_B15,,,4_98,NA,NA,
204,052022_BEL_CBC_T3_16_SSID,Healthy,1_15_2025,21,UML_NARWHAL_R2_B15,,,3_33,NA,NA,
205,062024_BEL_CBC_T3_1412_MCAV,Diseased_Margin,11_4_2024,3.08,UML_NARWHAL_R2_B11,,,3_2,NA,NA,
206,112023_BEL_CBC_T1_278_PSTR,Healthy,11_13_2024,19.5,UML_NARWHAL_R2_B12,,,1_12,NA,NA,
207,122022_BEL_CBC_T2_100_PAST,Healthy,8_19_2024,15.6,"UML_NARWHAL_R2_B29, UML_NARWHAL_R2_B34",9_28_2024,UML_NARWHAL_R6_B30,2_63,NA,NA,
208,122022_BEL_CBC_T2_94_PAST,Healthy,9_11_2024,27.6,UML_NARWHAL_R2_B29,10_6_2024,UML_NARWHAL_R6_B30,2_68,NA,NA,
209,062019_BEL_CBC_T3_27_SSID,Healthy,12_3_2024,RECHECK,UML_NARWHAL_R2_B14,,,3_33,NA,NA,
210,022024_BEL_CBC_T3_852_OFAV,Healthy,11_26_2024,49.5,UML_NARWHAL_R2_B13,,,3_39,NA,NA,
211,052022_BEL_CBC_T1_54_MCAV,Healthy,8_12_2024,0.361,UML_NARWHAL_R2_B26,10_6_2024,UML_NARWHAL_R6_B30,1_24,NA,NA,
212,122023_BEL_CBC_T2_516_MCAV,Healthy,11_18_2024,22.4,UML_NARWHAL_R2_B13,,,2_69,NA,NA,
213,102019_BEL_CBC_T3_35_PSTR,Healthy,6_6_2023,30.3,UML_NARWHAL_R2_B3,10_4_2023,UML_NARWHAL_R6_B1,3_20,NA,NA,
214,022024_BEL_CBC_T3_842_MCAV,Diseased_Tissue,9_10_2024,27,UML_NARWHAL_R2_B11,,,3_2,NA,NA,
215,112023_BEL_CBC_T1_277_OFAV/OANN,Healthy,11_13_2024,7.88,UML_NARWHAL_R2_B12,,,1_25,NA,NA,
216,012024_BEL_CBC_T4_667_OFAV,Healthy,2_20_2025,55.8,UML_NARWHAL_R2_B16,,,4_78,NA,NA,
217,122022_BEL_CBC_T4_34_PSTR,Healthy,7_12_2024,3.99,UML_NARWHAL_R2_B26,10_16_2024,UML_NARWHAL_R6_B27,4_98,NA,NA,
218,122023_BEL_CBC_T1_509_MCAV,Healthy,11_18_2024,16.4,UML_NARWHAL_R2_B13,,,1_24,NA,NA,
219,122023_BEL_CBC_T3_534_SSID,Healthy,11_19_2024,28.4,UML_NARWHAL_R2_B13,,,3_33,NA,NA,
220,082024_BEL_CBC_T2_1507_OFAV,Healthy,1_14_2025,55.6,UML_NARWHAL_R2_B15,,,2_76,NA,NA,
221,112023_BEL_CBC_T1_273_PAST,Healthy,11_13_2024,7.5,UML_NARWHAL_R2_B12,,,1_2,NA,NA,
222,122022_BEL_CBC_T1_123_OANN,Healthy,7_16_2024,9.51,UML_NARWHAL_R2_B26,8_6_2024,UML_NARWHAL_R6_B27,1_25,NA,NA,
223,022024_BEL_CBC_T2_807_SSID,Healthy,11_22_2024,77.6,UML_NARWHAL_R2_B13,,,2_73,NA,NA,
224,092023_BEL_CBC_T2_182_PAST,Healthy,11_8_2024,8.58,UML_NARWHAL_R2_B12,,,2_57,NA,NA,
225,062019_BEL_CBC_T2_16_MCAV,Healthy,9_16_2024,3.19,"UML_NARWHAL_R2_B29, UML_NARWHAL_R2_B33",10_9_2024,UML_NARWHAL_R6_B27,2_60,NA,NA,
226,092023_BEL_CBC_T2_176_MCAV,Healthy,11_8_2024,46.4,UML_NARWHAL_R2_B12,,,2_69,NA,NA,
227,012024_BEL_CBC_T3_629_OFAV,Healthy,2_20_2025,62,UML_NARWHAL_R2_B16,,,3_39,NA,NA,
228,062019_BEL_CBC_T1_12_PAST,Healthy,9_11_2024,1.08,"UML_NARWHAL_R2_B29, UML_NARWHAL_R2_B34",10_6_2024,UML_NARWHAL_R6_B30,1_13,NA,NA,
229,092023_BEL_CBC_T3_181_PAST,Healthy,11_12_2024,10.5,UML_NARWHAL_R2_B12,,,3_10,NA,NA,
230,042024_BEL_CBC_T1_924_MCAV,Healthy,12_2_2024,40.4,UML_NARWHAL_R2_B14,,,1_24,NA,NA,
231,012024_BEL_CBC_T2_603_MCAV,Healthy,2_17_2025,5.66,UML_NARWHAL_R2_B16,,,2_55,NA,NA,
232,062024_BEL_CBC_T3_1448_PAST,Healthy,1_13_2025,35,UML_NARWHAL_R2_B15,,,3_34,NA,NA,
233,082024_BEL_CBC_T2_1516_OFAV,Healthy,1_14_2025,RECHECK,UML_NARWHAL_R2_B15,,,2_79,NA,NA,
234,082024_BEL_CBC_T4_1605_MCAV,Healthy,1_15_2025,48.6,UML_NARWHAL_R2_B15,,,4_28,NA,NA,
235,062024_BEL_CBC_T4_1464_MCAV,Healthy,12_5_2024,6.74,UML_NARWHAL_R2_B15,,,4_76,NA,NA,
236,062024_BEL_CBC_T2_1387_OFAV,Healthy,12_4_2024,4.62,UML_NARWHAL_R2_B15,,,2_79,NA,NA,
237,042024_BEL_CBC_T1_931_SSID,Diseased_Tissue,9_9_2024,33.2,UML_NARWHAL_R2_B11,,,1_3,NA,NA,
238,112023_BEL_CBC_T3_358_SSID,Healthy,11_15_2024,102,UML_NARWHAL_R2_B12,,,3_33,NA,NA,
239,062019_BEL_CBC_T3_16_MCAV,Healthy,2022,13.6,"UML_NARWHAL_R2_B32, UML_NARWHAL_R2_B35, UML_NARWHAL_R2_B33",10_30_24,UML_NARWHAL_R6_B27,3_21,NA,NA,
240,082024_BEL_CBC_T2_1509_SSID,Healthy,1_14_2025,60.8,UML_NARWHAL_R2_B15,,,2_72,NA,NA,
241,112023_BEL_CBC_T3_356_MCAV,Healthy,11_15_2024,67.6,UML_NARWHAL_R2_B12,,,3_21,NA,NA,
242,122023_BEL_CBC_T4_536_PSTR,Healthy,11_19_2024,25.2,UML_NARWHAL_R2_B13,,,4_98,NA,NA,
243,092023_BEL_CBC_T3_176_MCAV,Healthy,11_12_2024,78.8,UML_NARWHAL_R2_B12,,,3_2,NA,NA,
244,012024_BEL_CBC_T2_589_SSID,Healthy,2_17_2025,47.6,UML_NARWHAL_R2_B16,,,2_73,NA,NA,
245,052022_BEL_CBC_T1_53_PAST,Healthy,8_19_2024,1.75,"UML_NARWHAL_R2_B29, UML_NARWHAL_R2_B34",10_6_2024,UML_NARWHAL_R6_B30,1_13,NA,NA,
246,062024_BEL_CBC_T2_1378_PAST,Healthy,12_4_2024,27.6,UML_NARWHAL_R2_B15,,,2_68,NA,NA,
247,062024_BEL_CBC_T3_1421_OFAV,Healthy,1_13_2025,69.4,UML_NARWHAL_R2_B15,,,3_38,NA,NA,
248,062024_BEL_CBC_T1_1341_SSID,Diseased_Margin,11_4_2024,3.76,UML_NARWHAL_R2_B11,,,1_3,NA,NA,
249,062024_BEL_CBC_T4_1467_MCAV,Healthy,1_13_2025,21.8,UML_NARWHAL_R2_B15,,,4_28,NA,NA,
250,062024_BEL_CBC_T3_1445_SSID,Healthy,1_13_2025,86.6,UML_NARWHAL_R2_B15,,,3_33,NA,NA,
251,042024_BEL_CBC_T2_1025_SSID,Healthy,12_2_2024,49.8,UML_NARWHAL_R2_B14,,,2_73,NA,NA,
252,052022_BEL_CBC_T1_63_OFAV,Healthy,7_16_2024,9.86,UML_NARWHAL_R2_B26,8_6_2024,UML_NARWHAL_R6_B27,1_25,NA,NA,
253,052022_BEL_CBC_T2_59_OFAV,Healthy,10_3_2023,73.7,UML_NARWHAL_R2_B3,10_16_2023,UML_NARWHAL_R2_B1,2_76,NA,NA,
254,122022_BEL_CBC_T1_151_MCAV,Healthy,8_12_2024,0.218,UML_NARWHAL_R2_B26,10_6_2024,UML_NARWHAL_R6_B30,1_24,NA,NA,
255,012024_BEL_CBC_T2_587_SSID,Healthy,2_17_2025,48.8,UML_NARWHAL_R2_B16,,,2_72,NA,NA,
256,122022_BEL_CBC_T2_90_SSID,Healthy,12_4_2024,30.7,UML_NARWHAL_R2_B15,,,2_73,NA,NA,
257,082024_BEL_CBC_T3_1555_SSID,Healthy,1_15_2025,11.7,UML_NARWHAL_R2_B15,,,3_5,NA,NA,
258,092023_BEL_CBC_T2_171_OFAV,Healthy,11_8_2024,78.8,UML_NARWHAL_R2_B12,,,2_79,NA,NA,
259,052022_BEL_CBC_T1_55_PSTR,Healthy,6_8_2023,9.4,UML_NARWHAL_R2_B3,10_6_2023,UML_NARWHAL_R6_B1,1_12,NA,NA,
260,042024_BEL_CBC_T2_1016_MCAV,Healthy,12_2_2024,47.4,UML_NARWHAL_R2_B14,,,2_55,NA,NA,
261,052022_BEL_CBC_T3_25_PAST,Healthy,2022,8.52,"UML_NARWHAL_R2_B32, UML_NARWHAL_R2_B29, UML_NARWHAL_R2_B34, UML_NARWHAL_R2_B35",10_30_24,UML_NARWHAL_R6_B27,3_34,NA,NA,
262,082024_BEL_CBC_T1_1480_SSID,Healthy,1_14_2025,43.6,UML_NARWHAL_R2_B15,,,1_3,NA,NA,
263,092023_BEL_CBC_T2_172_OFAV,Healthy,11_8_2024,108,UML_NARWHAL_R2_B12,,,2_76,NA,NA,
264,082024_BEL_CBC_T4_1610_MCAV,Healthy,1_15_2025,86,UML_NARWHAL_R2_B15,,,4_30,NA,NA,
265,022024_BEL_CBC_T3_843_MCAV,Diseased_Margin,11_4_2024,2.94,UML_NARWHAL_R2_B11,,,3_2,NA,NA,
266,112023_BEL_CBC_T2_312_OFAV,Healthy,11_13_2024,50.6,UML_NARWHAL_R2_B12,,,2_79,NA,NA,
267,122022_BEL_CBC_T2_83_PAST,Healthy,9_11_2024,21.8,UML_NARWHAL_R2_B29,9_28_2024,UML_NARWHAL_R6_B30,2_57,NA,NA,
268,062019_BEL_CBC_T2_2_PAST,Healthy,9_11_2024,6.77,"UML_NARWHAL_R2_B29, UML_NARWHAL_R2_B34",10_6_2024,UML_NARWHAL_R6_B30,2_68,NA,NA,
269,052022_BEL_CBC_T3_6_SSID,Healthy,12_4_2024,27.9,UML_NARWHAL_R2_B15,,,3_5,NA,NA,
270,122023_BEL_CBC_T3_527_OFAV,Healthy,11_19_2024,16.1,UML_NARWHAL_R2_B13,,,3_66,NA,NA,
271,112023_BEL_CBC_T2_311_MCAV,Healthy,11_13_2024,47,UML_NARWHAL_R2_B12,,,2_60,NA,NA,
272,022024_BEL_CBC_T1_774_MCAV,Healthy,11_22_2024,31.2,UML_NARWHAL_R2_B13,,,1_24,NA,NA,
273,122023_BEL_CBC_T2_514_SSID,Healthy,11_18_2024,25,UML_NARWHAL_R2_B13,,,2_72,NA,NA,
274,012024_BEL_CBC_T3_635_OFAV,Healthy,2_20_2025,90.4,UML_NARWHAL_R2_B16,,,3_38,NA,NA,
275,092023_BEL_CBC_T1_172_PAST,Healthy,11_8_2024,1.2,UML_NARWHAL_R2_B12,,,1_21,NA,NA,
276,042024_BEL_CBC_T3_950_PSTR,Healthy,12_3_2024,8.85,UML_NARWHAL_R2_B14,,,3_20,NA,NA,
277,112023_BEL_CBC_T3_348_SSID,Healthy,11_15_2024,15.2,UML_NARWHAL_R2_B12,,,3_5,NA,NA,
278,052022_BEL_CBC_T2_11_PAST,Healthy,6_17_2022,15,"UML_NARWHAL_R2_B32, UML_NARWHAL_R2_B29, UML_NARHWAL_PINK",11_6_2024,UML_NARWHAL_R6_B27,2_57,NA,NA,
279,092023_BEL_CBC_T1_178_OANN,Healthy,11_8_2024,21,UML_NARWHAL_R2_B12,,,1_25,NA,NA,
280,112023_BEL_CBC_T4_400_OFAV,Healthy,11_15_2024,47.8,UML_NARWHAL_R2_B12,,,4_78,NA,NA,
281,122022_BEL_CBC_T2_88_MCAV,Healthy,8_12_2024,0.884,UML_NARWHAL_R2_B26,10_6_2024,UML_NARWHAL_R6_B30,2_55,NA,NA,
282,122023_BEL_CBC_T2_521_OFAV,Healthy,11_18_2024,37.6,UML_NARWHAL_R2_B13,,,2_79,NA,NA,
283,082024_BEL_CBC_T1_1483_MCAV,Healthy,1_14_2025,58.4,UML_NARWHAL_R2_B15,,,1_24,NA,NA,
284,052022_BEL_CBC_T1_62_MCAV,Healthy,8_12_2024,0.538,UML_NARWHAL_R2_B26,10_6_2024,UML_NARWHAL_R6_B30,1_24,NA,NA,
285,112023_BEL_CBC_T3_350_OFAV,Healthy,11_15_2024,73.6,UML_NARWHAL_R2_B12,,,3_38,NA,NA,
286,042024_BEL_CBC_T3_956_MCAV,Healthy,12_3_2024,12.8,UML_NARWHAL_R2_B14,,,3_2,NA,NA,
287,012024_BEL_CBC_T1_561_OANN,Healthy,2_17_2025,18,UML_NARWHAL_R2_B16,,,1_25,NA,NA,
288,012024_BEL_CBC_T3_644_PSTR,Healthy,2_20_2025,48.8,UML_NARWHAL_R2_B16,,,3_70,NA,NA,
289,042024_BEL_CBC_T2_1017_MCAV,Healthy,12_2_2024,4.47,UML_NARWHAL_R2_B14,,,2_60,NA,NA,
290,062019_BEL_CBC_T2_26_SSID,Healthy,1_13_2025,15.1,UML_NARWHAL_R2_B15,,,2_72,NA,NA,
291,112023_BEL_CBC_T2_308_PAST,Healthy,11_13_2024,12.1,UML_NARWHAL_R2_B12,,,2_63,NA,NA,
292,022024_BEL_CBC_T4_872_PSTR,Healthy,11_26_2024,23.4,UML_NARWHAL_R2_B13,,,4_79,NA,NA,
293,112023_BEL_CBC_T2_309_PAST,Healthy,11_13_2024,5.92,UML_NARWHAL_R2_B12,,,2_57,NA,NA,
294,082024_BEL_CBC_T2_1515_MCAV,Healthy,1_14_2025,RECHECK,UML_NARWHAL_R2_B15,,,2_60,NA,NA,
295,062019_BEL_CBC_T1_1_PAST,Healthy,2022,2.38,"UML_NARWHAL_R2_B32, UML_NARWHAL_R2_B29, UML_NARWHAL_R2_B35",10_30_24,all_sent_for_sequencing,1_2,NA,NA,
296,012024_BEL_CBC_T3_642_PSTR,Healthy,2_20_2025,2.04,UML_NARWHAL_R2_B16,,,3_20,NA,NA,
297,062024_BEL_CBC_T2_1372_OFAV,Healthy,12_4_2024,98.6,UML_NARWHAL_R2_B15,,,2_76,NA,NA,
298,082024_BEL_CBC_T2_1513_PAST,Healthy,1_14_2025,80.8,UML_NARWHAL_R2_B15,,,2_57,NA,NA,
299,112023_BEL_CBC_T3_351_OFAV,Healthy,11_15_2024,45.2,UML_NARWHAL_R2_B12,,,3_66,NA,NA,
300,082024_BEL_CBC_T2_1517_MCAV,Healthy,1_14_2025,40.8,UML_NARWHAL_R2_B15,,,2_69,NA,NA,
301,062024_BEL_CBC_T2_1393_PAST,Healthy,12_4_2024,42.9,UML_NARWHAL_R2_B15,,,2_57,NA,NA,
302,042024_BEL_CBC_T3_949_PSTR,Healthy,12_3_2024,9.51,UML_NARWHAL_R2_B14,,,3_70,NA,NA,
303,042024_BEL_CBC_T1_932_SSID,Diseased_Margin,11_4_2024,3.14,UML_NARWHAL_R2_B11,,,1_3,NA,NA,
304,062019_BEL_CBC_T3_4_PAST,Healthy,9_11_2024,33.7,"UML_NARWHAL_R2_B29, UML_NARWHAL_R2_B33",10_6_2024,UML_NARWHAL_R6_B30,3_6,NA,NA,
305,122023_BEL_CBC_T1_511_OFAV/OANN,Healthy,11_18_2024,7.38,UML_NARWHAL_R2_B13,,,1_25,NA,NA,
306,022024_BEL_CBC_T1_773_SSID,Healthy,11_22_2024,61.8,UML_NARWHAL_R2_B13,,,1_3,NA,NA,
307,012024_BEL_CBC_T3_640_MCAV,Healthy,2_20_2025,7.4,UML_NARWHAL_R2_B16,,,3_14,NA,NA,
308,092023_BEL_CBC_T3_172_PSTR,Healthy,11_12_2024,168,UML_NARWHAL_R2_B12,,,3_20,NA,NA,
309,122023_BEL_CBC_T2_519_PAST,Healthy,11_18_2024,14.4,UML_NARWHAL_R2_B13,,,2_63,NA,NA,
310,122023_BEL_CBC_T3_530_PSTR,Healthy,11_19_2024,1.18,UML_NARWHAL_R2_B13,,,3_20,NA,NA,
311,062019_BEL_CBC_T3_31_PAST,Healthy,2022,3.18,"UML_NARWHAL_R2_B32, UML_NARWHAL_R2_B35, UML_NARWHAL_R2_B29, UML_NARWHAL_R2_B26, UML_NARWHAL_R2_B34",10_30_24,all_sent_for_sequencing,3_34,NA,NA,
312,012024_BEL_CBC_T2_585_OFAV,Healthy,2_17_2025,71.6,UML_NARWHAL_R2_B16,,,2_76,NA,NA,
313,082024_BEL_CBC_T4_1608_MCAV,Healthy,1_15_2025,61,UML_NARWHAL_R2_B15,,,4_76,NA,NA,
314,012024_BEL_CBC_T2_597_PAST,Healthy,2_17_2025,1.88,UML_NARWHAL_R2_B16,,,2_57,NA,NA,
315,062024_BEL_CBC_T2_1384_MCAV,Healthy,12_4_2024,24.1,UML_NARWHAL_R2_B15,,,2_55,NA,NA,
316,022024_BEL_CBC_T4_871_PSTR,Healthy,11_26_2024,91.4,UML_NARWHAL_R2_B13,,,4_98,NA,NA,
317,092023_BEL_CBC_T2_173_SSID,Healthy,11_8_2024,37.4,UML_NARWHAL_R2_B12,,,2_73,NA,NA,
318,012024_BEL_CBC_T2_593_MCAV,Healthy,2_17_2025,24.8,UML_NARWHAL_R2_B16,,,2_69,NA,NA,
319,122022_BEL_CBC_T3_121_OFAV,Healthy,6_22_2023,103.2,UML_NARWHAL_R2_B3,10_16_2023,UML_NARWHAL_R6_B1,3_38,NA,NA,
320,062019_BEL_CBC_T2_25_PAST,Healthy,8_19_2024,1.88,"UML_NARWHAL_R2_B35, UML_NARWHAL_R2_B29, UML_NARWHAL_R2_B34",10_6_2024,UML_NARWHAL_R6_B30,2_63,NA,NA,
321,122022_BEL_CBC_T1_122_PSTR,Healthy,7_12_2024,9.58,UML_NARWHAL_R2_B26,8_6_2024,UML_NARWHAL_R6_B27,1_12,NA,NA,
322,062024_BEL_CBC_T2_1399_PAST,Healthy,12_4_2024,17.4,UML_NARWHAL_R2_B15,,,2_63,NA,NA,
323,122023_BEL_CBC_T4_538_OFAV,Healthy,11_19_2024,17.7,UML_NARWHAL_R2_B13,,,4_78,NA,NA,
324,062024_BEL_CBC_T2_1402_MCAV,Healthy,12_4_2024,26.4,UML_NARWHAL_R2_B15,,,2_60,NA,NA,
325,062024_BEL_CBC_T4_1458_MCAV,Healthy,1_13_2025,20.6,UML_NARWHAL_R2_B15,,,4_30,NA,NA,
326,062019_BEL_CBC_T3_8_MCAV,Healthy,2022,13.3,"UML_NARWHAL_R2_B32, UML_NARWHAL_R2_B33, UML_NARWHAL_R2_B29, UML_NARWHAL_R2_B35",11_5_2024,UML_NARWHAL_R6_B27,3_14,NA,NA,
327,082024_BEL_CBC_T2_1514_MCAV,Healthy,1_14_2025,98.8,UML_NARWHAL_R2_B15,,,2_55,NA,NA,
328,042024_BEL_CBC_T3_953_MCAV,Healthy,12_3_2024,129,UML_NARWHAL_R2_B14,,,3_14,NA,NA,
329,122022_BEL_CBC_T4_4_PSTR,Healthy,7_12_2024,7.07,UML_NARWHAL_R2_B26,8_6_2024,,4_79,NA,NA,
330,022024_BEL_CBC_T3_845_SSID,Healthy,11_26_2024,82.6,UML_NARWHAL_R2_B13,,,3_5,NA,NA,
331,012024_BEL_CBC_T3_625_SSID,Healthy,2_20_2025,16.2,UML_NARWHAL_R2_B16,,,3_33,NA,NA,
332,122022_BEL_CBC_T4_38_MCAV,Healthy,8_12_2024,3.1,UML_NARWHAL_R2_B26,10_6_2024,UML_NARWHAL_R6_B30,4_28,NA,NA,
333,092023_BEL_CBC_T4_91_MCAV,Healthy,11_12_2024,80.6,UML_NARWHAL_R2_B12,,,4_28,NA,NA,
334,062024_BEL_CBC_T2_1381_SSID,Diseased_Tissue,9_10_2024,36,UML_NARWHAL_R2_B11,,,2_99,NA,NA,
335,042024_BEL_CBC_T2_1028_PAST,Healthy,12_2_2024,28.5,UML_NARWHAL_R2_B14,,,2_63,NA,NA,
336,082024_BEL_CBC_T3_1564_PAST,Healthy,1_15_2025,3.08,UML_NARWHAL_R2_B15,,,3_34,NA,NA,
337,122022_BEL_CBC_T2_96_SSID,Healthy,1_13_2025,12.1,UML_NARWHAL_R2_B15,,,2_72,NA,NA,
338,022024_BEL_CBC_T3_849_PSTR,Healthy,11_26_2024,81,UML_NARWHAL_R2_B13,,,3_20,NA,NA,
339,042024_BEL_CBC_T1_929_PAST,Healthy,12_2_2024,34.4,UML_NARWHAL_R2_B14,,,1_21,NA,NA,
340,022024_BEL_CBC_T3_850_MCAV,Healthy,11_26_2024,91.5,UML_NARWHAL_R2_B13,,,3_21,NA,NA,
341,052022_BEL_CBC_T1_34_PAST,Healthy,8_19_2024,1.31,"UML_NARWHAL_R2_B29, UML_NARWHAL_R2_B34",10_6_2024,UML_NARWHAL_R6_B30,1_21,NA,NA,
342,052022_BEL_CBC_T2_4_MCAV,Healthy,8_12_2024,0.094,UML_NARWHAL_R2_B26,10_6_2024,UML_NARWHAL_R6_B30,2_69,NA,NA,
343,122022_BEL_CBC_T3_128_MCAV,Healthy,8_12_2024,1.07,UML_NARWHAL_R2_B26,10_6_2024,UML_NARWHAL_R6_B30,3_21,NA,NA,
344,022024_BEL_CBC_T2_808_PAST,Healthy,11_22_2024,32,UML_NARWHAL_R2_B13,,,2_68,NA,NA,
345,122023_BEL_CBC_T2_517_SSID,Healthy,11_18_2024,36.6,UML_NARWHAL_R2_B13,,,2_99,NA,NA,
346,062024_BEL_CBC_T4_1461_OFAV,Healthy,12_5_2024,25.5,UML_NARWHAL_R2_B15,,,4_78,NA,NA,
347,022024_BEL_CBC_T3_853_SSID,Healthy,11_26_2024,34.1,UML_NARWHAL_R2_B13,,,3_33,NA,NA,
348,112023_BEL_CBC_T3_347_MCAV,Healthy,11_15_2024,10.1,UML_NARWHAL_R2_B12,,,3_2,NA,NA,
349,022024_BEL_CBC_T1_771_PAST,Healthy,11_22_2024,23.8,UML_NARWHAL_R2_B13,,,1_2,NA,NA,
350,122022_BEL_CBC_T3_120_SSID,Healthy,1_14_2025,11.8,UML_NARWHAL_R2_B15,,,3_5,NA,NA,
351,122022_BEL_CBC_T4_3_MCAV,Healthy,8_12_2024,0.314,UML_NARWHAL_R2_B26,10_6_2024,UML_NARWHAL_R6_B30,4_76,NA,NA,
352,112023_BEL_CBC_T4_396_MCAV,Healthy,11_15_2024,45.8,UML_NARWHAL_R2_B12,,,4_28,NA,NA,
353,042024_BEL_CBC_T3_947_MCAV,Healthy,12_3_2024,134,UML_NARWHAL_R2_B14,,,3_21,NA,NA,
354,062024_BEL_CBC_T3_1430_PSTR,Healthy,1_13_2025,9.52,UML_NARWHAL_R2_B15,,,3_20,NA,NA,
355,062019_BEL_CBC_T3_7_PAST,Healthy,6_17_2022,7.28,"UML_NARWHAL_R2_B32, UML_NARWHAL_R2_B35",10_30_24,UML_NARWHAL_R6_B27,3_10,NA,NA,
356,122022_BEL_CBC_T3_119_MCAV,Healthy,8_12_2024,0.388,UML_NARWHAL_R2_B26,10_6_2024,UML_NARWHAL_R6_B30,3_2,NA,NA,
357,012024_BEL_CBC_T1_565_PAST,Healthy,2_17_2025,7.72,UML_NARWHAL_R2_B16,,,1_21,NA,NA,
359,092023_BEL_CBC_T3_184_PAST,Healthy,11_12_2024,44.8,UML_NARWHAL_R2_B12,,,3_34,NA,NA,
360,112023_BEL_CBC_T3_349_PAST,Healthy,11_15_2024,5.72,UML_NARWHAL_R2_B12,,,3_6,NA,NA,
361,042024_BEL_CBC_T2_1040_SSID,Healthy,12_2_2024,52.2,UML_NARWHAL_R2_B14,,,2_72,NA,NA,
362,062024_BEL_CBC_T1_1344_SSID,Diseased_Tissue,9_10_2024,19.8,UML_NARWHAL_R2_B11,,,1_3,NA,NA,
364,092023_BEL_CBC_T3_183_SSID,Healthy,11_12_2024,48.4,UML_NARWHAL_R2_B12,,,3_33,NA,NA,
366,042024_BEL_CBC_T3_942_PAST,Healthy,12_3_2024,6.77,UML_NARWHAL_R2_B14,,,3_34,NA,NA,
367,122023_BEL_CBC_T3_479_PAST ,Healthy,11_19_2024,1.75,UML_NARWHAL_R2_B13,,,3_34,NA,NA,
368,092023_BEL_CBC_T1_177_PSTR,Healthy,11_8_2024,29,UML_NARWHAL_R2_B12,,,1_12,NA,NA,
369,062024_BEL_CBC_T3_1418_SSID,Healthy,1_13_2025,41.4,UML_NARWHAL_R2_B15,,,3_5,NA,NA,
370,122022_BEL_CBC_T1_152_PAST,Healthy,8_19_2024,1.16,"UML_NARWHAL_R2_B29, UML_NARWHAL_R2_B34",9_28_2024,UML_NARWHAL_R6_B30,1_13,NA,NA,
371,082024_BEL_CBC_T3_1559_PSTR,Healthy,1_15_2025,17.5,UML_NARWHAL_R2_B15,,,3_20,NA,NA,
372,062024_BEL_CBC_T1_1356_PAST,Healthy,12_4_2024,5,UML_NARWHAL_R2_B15,,,1_2,NA,NA,
373,122022_BEL_CBC_T2_86_MCAV,Healthy,8_12_2024,0.093,UML_NARWHAL_R2_B26,10_6_2024,UML_NARWHAL_R6_B30,2_60,NA,NA,