"","Tubelabel_species","Date_Extracted","Raw_ng_ul","Date_Enriched","Microbe_Location","Month_year","colony","CollectionDate","Species","Health_status","Sample_physical_location","Extraction_physical_location","immune_y.n","Condition"
"1","012024_BEL_CBC_T1_557_SSID","2_17_2025","44.6","","","012024","1_3","1/10/24","SSID","Healthy","UML_NARWHAL_R5_B18","UML_NARWHAL_R2_B16","y","Healthy"
"2","012024_BEL_CBC_T1_559_MCAV","2_17_2025","14.8","","","012024","1_24","1/10/24","MCAV","Healthy","UML_NARWHAL_R5_B18","UML_NARWHAL_R2_B16","y","Healthy"
"3","012024_BEL_CBC_T1_561_OANN","2_17_2025","18","","","012024","1_25","1/10/24","OANN","Healthy","UML_NARWHAL_R5_B18","UML_NARWHAL_R2_B16","y","Healthy"
"4","012024_BEL_CBC_T1_563_PSTR","2_17_2025","35.8","","","012024","1_12","1/10/24","PSTR","Healthy","UML_NARWHAL_R5_B18","UML_NARWHAL_R2_B16","y","Healthy"
"5","012024_BEL_CBC_T1_565_PAST","2_17_2025","7.72","","","012024","1_21","1/10/24","PAST","Bleached_Tissue","UML_NARWHAL_R5_B18","UML_NARWHAL_R2_B16","y","CLP"
"6","012024_BEL_CBC_T2_585_OFAV","2_17_2025","71.6","","","012024","2_76","1/12/24","OFAV","Healthy","UML_NARWHAL_R5_B18","UML_NARWHAL_R2_B16","y","Healthy"
"7","012024_BEL_CBC_T2_587_SSID","2_17_2025","48.8","","","012024","2_72","1/12/24","SSID","Bleached_Tissue","UML_NARWHAL_R5_B18","UML_NARWHAL_R2_B16","y","CLB"
"8","012024_BEL_CBC_T2_589_SSID","2_17_2025","47.6","","","012024","2_73","1/12/24","SSID","Bleached_Tissue","UML_NARWHAL_R5_B18","UML_NARWHAL_R2_B16","y","CLB"
"9","012024_BEL_CBC_T2_591_PAST","2_17_2025","29.4","","","012024","2_68","1/12/24","PAST","Healthy","UML_NARWHAL_R5_B18","UML_NARWHAL_R2_B16","y","Healthy"
"10","012024_BEL_CBC_T2_593_MCAV","2_17_2025","24.8","","","012024","2_69","1/12/24","MCAV","Healthy","UML_NARWHAL_R5_B18","UML_NARWHAL_R2_B16","y","Healthy"
"11","012024_BEL_CBC_T2_595_PAST","2_17_2025","21.8","","","012024","2_63","1/12/24","PAST","Healthy","UML_NARWHAL_R5_B18","UML_NARWHAL_R2_B16","y","Healthy"
"12","012024_BEL_CBC_T2_597_PAST","2_17_2025","1.88","","","012024","2_57","1/12/24","PAST","Healthy","UML_NARWHAL_R5_B18","UML_NARWHAL_R2_B16","y","Healthy"
"13","012024_BEL_CBC_T2_599_MCAV","2_17_2025","21.8","","","012024","2_60","1/12/24","MCAV","Healthy","UML_NARWHAL_R5_B18","UML_NARWHAL_R2_B16","y","Healthy"
"14","012024_BEL_CBC_T2_601_OFAV","2_17_2025","89","","","012024","2_79","1/12/24","OFAV","Healthy","UML_NARWHAL_R5_B18","UML_NARWHAL_R2_B16","y","Healthy"
"15","012024_BEL_CBC_T2_603_MCAV","2_17_2025","5.66","","","012024","2_55","1/12/24","MCAV","Bleached_Tissue","UML_NARWHAL_R5_B18","UML_NARWHAL_R2_B16","y","CLP"
"16","012024_BEL_CBC_T2_605_SSID","2_17_2025","59.8","","","012024","2_99","1/12/24","SSID","Bleached_Tissue","UML_NARWHAL_R5_B18","UML_NARWHAL_R2_B16","y","CLB"
"17","012024_BEL_CBC_T3_625_SSID","2_20_2025","16.2","","","012024","3_33","1/10/24","SSID","Healthy","UML_NARWHAL_R5_B18","UML_NARWHAL_R2_B16","y","DC"
"18","012024_BEL_CBC_T3_627_PAST","2_20_2025","10.5","","","012024","3_34","1/10/24","PAST","Healthy","UML_NARWHAL_R5_B18","UML_NARWHAL_R2_B16","y","Healthy"
"19","012024_BEL_CBC_T3_629_OFAV","2_20_2025","62","","","012024","3_39","1/10/24","OFAV","Healthy","UML_NARWHAL_R5_B18","UML_NARWHAL_R2_B16","y","Healthy"
"20","012024_BEL_CBC_T3_631_MCAV","2_20_2025","77.6","","","012024","3_21","1/10/24","MCAV","Healthy","UML_NARWHAL_R5_B18","UML_NARWHAL_R2_B16","y","Healthy"
"21","012024_BEL_CBC_T3_633_MCAV","2_17_2025","49.8","","","012024","3_2","1/10/24","MCAV","Healthy","UML_NARWHAL_R5_B18","UML_NARWHAL_R2_B16","y","Diseased_Other, CLP"
"22","012024_BEL_CBC_T3_635_OFAV","2_20_2025","90.4","","","012024","3_38","1/10/24","OFAV","Healthy","UML_NARWHAL_R5_B18","UML_NARWHAL_R2_B16","y","Healthy"
"23","012024_BEL_CBC_T3_637_SSID","2_20_2025","6.46","","","012024","3_5","1/10/24","SSID","Healthy","UML_NARWHAL_R5_B18","UML_NARWHAL_R2_B16","y","Healthy"
"24","012024_BEL_CBC_T3_639_OFAV","2_20_2025","77.8","","","012024","3_66","1/10/24","OFAV","Healthy","UML_NARWHAL_R5_B18","UML_NARWHAL_R2_B16","y","Healthy"
"25","012024_BEL_CBC_T3_640_MCAV","2_20_2025","7.4","","","012024","3_14","1/10/24","MCAV","Healthy","UML_NARWHAL_R5_B18","UML_NARWHAL_R2_B16","y","Healthy"
"26","012024_BEL_CBC_T3_642_PSTR","2_20_2025","2.04","","","012024","3_20","1/10/24","PSTR","Healthy","UML_NARWHAL_R5_B18","UML_NARWHAL_R2_B16","y","Healthy"
"27","012024_BEL_CBC_T3_644_PSTR","2_20_2025","48.8","","","012024","3_70","1/10/24","PSTR","Bleached_Tissue","UML_NARWHAL_R5_B18","UML_NARWHAL_R2_B16","y","CLP"
"28","012024_BEL_CBC_T4_661_PSTR","2_20_2025","1.41","","","012024","4_98","1/9/24","PSTR","Bleached_Tissue","UML_NARWHAL_R5_B18","UML_NARWHAL_R2_B16","y","CLB"
"29","012024_BEL_CBC_T4_663_PSTR","2_20_2025","8.44","","","012024","4_79","1/9/24","PSTR","Healthy","UML_NARWHAL_R5_B18","UML_NARWHAL_R2_B16","y","Healthy"
"30","012024_BEL_CBC_T4_665_MCAV","2_20_2025","16.3","","","012024","4_76","1/9/24","MCAV","Healthy","UML_NARWHAL_R5_B18","UML_NARWHAL_R2_B16","y","Healthy"
"31","012024_BEL_CBC_T4_667_OFAV","2_20_2025","55.8","","","012024","4_78","1/9/24","OFAV","Bleached_Tissue","UML_NARWHAL_R5_B18","UML_NARWHAL_R2_B16","y","CLP"
"32","012024_BEL_CBC_T4_669_MCAV","2_20_2025","30.8","","","012024","4_30","1/9/24","MCAV","Healthy","UML_NARWHAL_R5_B18","UML_NARWHAL_R2_B16","y","Healthy"
"33","022024_BEL_CBC_T1_771_PAST","11_22_2024","23.8","","","022024","1_2","2/23/24","PAST","Healthy","UML_NARWHAL_R5_B23","UML_NARWHAL_R2_B13","y","Healthy"
"34","022024_BEL_CBC_T1_773_SSID","11_22_2024","61.8","","","022024","1_3","2/23/24","SSID","Healthy","UML_NARWHAL_R5_B23","UML_NARWHAL_R2_B13","y","Diseased"
"35","022024_BEL_CBC_T1_774_MCAV","11_22_2024","31.2","","","022024","1_24","2/23/24","MCAV","Healthy","UML_NARWHAL_R5_B23","UML_NARWHAL_R2_B13","y","Healthy"
"36","022024_BEL_CBC_T1_775_OANN","11_22_2024","13.8","","","022024","1_25","2/23/24","OANN","Healthy","UML_NARWHAL_R5_B23","UML_NARWHAL_R2_B13","y","Healthy"
"37","022024_BEL_CBC_T1_776_PSTR","11_22_2024","20.2","","","022024","1_12","2/23/24","PSTR","Healthy","UML_NARWHAL_R5_B23","UML_NARWHAL_R2_B13","y","Healthy"
"38","022024_BEL_CBC_T2_804_OFAV","11_22_2024","86.8","","","022024","2_76","2/22/24","OFAV","Healthy","UML_NARWHAL_R5_B23","UML_NARWHAL_R2_B13","y","Healthy"
"39","022024_BEL_CBC_T2_805_SSID","9_10_2024","10.2","","","022024","2_72","2/22/24","SSID","Diseased_Tissue","UML_NARWHAL_R5_B23","UML_NARWHAL_R2_B11","y","Diseased"
"40","022024_BEL_CBC_T2_806_SSID","11_4_2024","2.46","","","022024","2_72","2/22/24","SSID","Diseased_Margin","UML_NARWHAL_R5_B23","UML_NARWHAL_R2_B11","y","Diseased"
"41","022024_BEL_CBC_T2_807_SSID","11_22_2024","77.6","","","022024","2_73","2/22/24","SSID","Bleached_Tissue","UML_NARWHAL_R5_B23","UML_NARWHAL_R2_B13","y","CLB"
"42","022024_BEL_CBC_T2_808_PAST","11_22_2024","32","","","022024","2_68","2/22/24","PAST","Healthy","UML_NARWHAL_R5_B23","UML_NARWHAL_R2_B13","y","Healthy"
"43","022024_BEL_CBC_T2_809_MCAV","11_22_2024","52.6","","","022024","2_69","2/22/24","MCAV","Healthy","UML_NARWHAL_R5_B23","UML_NARWHAL_R2_B13","y","Healthy"
"44","022024_BEL_CBC_T2_810_SSID","11_22_2024","81.2","","","022024","2_99","2/22/24","SSID","Bleached_Tissue","UML_NARWHAL_R5_B23","UML_NARWHAL_R2_B13","y","CLP"
"45","022024_BEL_CBC_T2_811_PAST","11_22_2024","13.5","","","022024","2_63","2/22/24","PAST","Healthy","UML_NARWHAL_R5_B23","UML_NARWHAL_R2_B13","y","Healthy"
"46","022024_BEL_CBC_T2_812_PAST","11_22_2024","26.6","","","022024","2_57","2/22/24","PAST","Healthy","UML_NARWHAL_R5_B23","UML_NARWHAL_R2_B13","y","Healthy"
"47","022024_BEL_CBC_T2_813_MCAV","11_22_2024","69","","","022024","2_55","2/22/24","MCAV","Healthy","UML_NARWHAL_R5_B23","UML_NARWHAL_R2_B13","y","Healthy"
"48","022024_BEL_CBC_T2_814_MCAV","11_22_2024","58.2","","","022024","2_60","2/22/24","MCAV","Healthy","UML_NARWHAL_R5_B23","UML_NARWHAL_R2_B13","y","Healthy"
"49","022024_BEL_CBC_T2_815_OFAV","11_22_2024","60.2","","","022024","2_79","2/22/24","OFAV","Healthy","UML_NARWHAL_R5_B23","UML_NARWHAL_R2_B13","y","Healthy"
"50","022024_BEL_CBC_T3_842_MCAV","9_10_2024","27","","","022024","3_2","2/24/24","MCAV","Diseased_Tissue","UML_NARWHAL_R5_B23","UML_NARWHAL_R2_B11","y","Diseased_Other"
"51","022024_BEL_CBC_T3_843_MCAV","11_4_2024","2.94","","","022024","3_2","2/24/24","MCAV","Diseased_Margin","UML_NARWHAL_R5_B23","UML_NARWHAL_R2_B11","y","Diseased_Other"
"52","022024_BEL_CBC_T3_844_OFAV","11_26_2024","110","","","022024","3_38","2/24/24","OFAV","Healthy","UML_NARWHAL_R5_B23","UML_NARWHAL_R2_B13","y","Healthy"
"53","022024_BEL_CBC_T3_845_SSID","11_26_2024","82.6","","","022024","3_5","2/24/24","SSID","Healthy","UML_NARWHAL_R5_B23","UML_NARWHAL_R2_B13","y","Healthy"
"54","022024_BEL_CBC_T3_846_OFAV","","","","","022024","3_66","2/24/24","OFAV","Healthy","UML_NARWHAL_R5_B23","","y","Healthy"
"55","022024_BEL_CBC_T3_847_PAST","11_26_2024","54","","","022024","3_10","2/24/24","PAST","Healthy","UML_NARWHAL_R5_B23","UML_NARWHAL_R2_B13","y","Healthy"
"56","022024_BEL_CBC_T3_848_MCAV","11_26_2024","59","","","022024","3_14","2/24/24","MCAV","Healthy","UML_NARWHAL_R5_B23","UML_NARWHAL_R2_B13","y","Healthy"
"57","022024_BEL_CBC_T3_849_PSTR","11_26_2024","81","","","022024","3_20","2/24/24","PSTR","Healthy","UML_NARWHAL_R5_B23","UML_NARWHAL_R2_B13","y","Healthy"
"58","022024_BEL_CBC_T3_850_MCAV","11_26_2024","91.5","","","022024","3_21","2/24/24","MCAV","Healthy","UML_NARWHAL_R5_B23","UML_NARWHAL_R2_B13","y","Healthy"
"59","022024_BEL_CBC_T3_851_PSTR","11_26_2024","64.2","","","022024","3_70","2/24/24","PSTR","Healthy","UML_NARWHAL_R5_B23","UML_NARWHAL_R2_B13","y","Healthy"
"60","022024_BEL_CBC_T3_852_OFAV","11_26_2024","49.5","","","022024","3_39","2/24/24","OFAV","Healthy","UML_NARWHAL_R5_B23","UML_NARWHAL_R2_B13","y","Healthy"
"61","022024_BEL_CBC_T3_853_SSID","11_26_2024","34.1","","","022024","3_33","2/24/24","SSID","Healthy","UML_NARWHAL_R5_B23","UML_NARWHAL_R2_B13","y","DC"
"62","022024_BEL_CBC_T3_854_PAST","11_26_2024","36","","","022024","3_34","2/24/24","PAST","Healthy","UML_NARWHAL_R5_B23","UML_NARWHAL_R2_B13","y","Healthy"
"63","022024_BEL_CBC_T4_870_MCAV","11_26_2024","41.4","","","022024","4_28","2/24/24","MCAV","Healthy","UML_NARWHAL_R5_B23","UML_NARWHAL_R2_B13","y","Healthy"
"64","022024_BEL_CBC_T4_871_PSTR","11_26_2024","91.4","","","022024","4_98","2/24/24","PSTR","Bleached_Tissue","UML_NARWHAL_R5_B23","UML_NARWHAL_R2_B13","y","CLP"
"65","022024_BEL_CBC_T4_872_PSTR","11_26_2024","23.4","","","022024","4_79","2/24/24","PSTR","Healthy","UML_NARWHAL_R5_B23","UML_NARWHAL_R2_B13","y","Healthy"
"66","022024_BEL_CBC_T4_873_MCAV","11_26_2024","81.4","","","022024","4_76","2/24/24","MCAV","Healthy","UML_NARWHAL_R5_B23","UML_NARWHAL_R2_B13","y","Healthy"
"67","022024_BEL_CBC_T4_874_OFAV","11_26_2024","35.9","","","022024","4_78","2/24/24","OFAV","Bleached_Tissue","UML_NARWHAL_R5_B23","UML_NARWHAL_R2_B13","y","CLP"
"68","022024_BEL_CBC_T4_875_MCAV","11_26_2024","39","","","022024","4_30","2/24/24","MCAV","Healthy","UML_NARWHAL_R5_B23","UML_NARWHAL_R2_B13","y","Healthy"
"69","042024_BEL_CBC_T1_924_MCAV","12_2_2024","40.4","","","042024","1_24","4/25/24","MCAV","Healthy","UML_NARWHAL_R5_B24","UML_NARWHAL_R2_B14","y","Healthy"
"70","042024_BEL_CBC_T1_927_PSTR","12_2_2024","24.7","","","042024","1_12","4/25/24","PSTR","Healthy","UML_NARWHAL_R5_B24","UML_NARWHAL_R2_B14","y","Healthy"
"71","042024_BEL_CBC_T1_928_OANN","12_2_2024","14.9","","","042024","1_25","4/25/24","OANN","Healthy","UML_NARWHAL_R5_B24","UML_NARWHAL_R2_B14","y","Healthy"
"72","042024_BEL_CBC_T1_931_SSID","9_9_2024","33.2","","","042024","1_3","4/25/24","SSID","Diseased_Tissue","UML_NARWHAL_R5_B24","UML_NARWHAL_R2_B11","y","Diseased"
"73","042024_BEL_CBC_T1_932_SSID","11_4_2024","3.14","","","042024","1_3","4/25/24","SSID","Diseased_Margin","UML_NARWHAL_R5_B24","UML_NARWHAL_R2_B11","y","Diseased"
"74","042024_BEL_CBC_T2_1014_OFAV","12_2_2024","59","","","042024","2_79","4/26/24","OFAV","Healthy","UML_NARWHAL_R5_B24","UML_NARWHAL_R2_B14","y","Healthy"
"75","042024_BEL_CBC_T2_1016_MCAV","12_2_2024","47.4","","","042024","2_55","4/26/24","MCAV","Healthy","UML_NARWHAL_R5_B24","UML_NARWHAL_R2_B14","y","Healthy"
"76","042024_BEL_CBC_T2_1017_MCAV","12_2_2024","4.47","","","042024","2_60","4/26/24","MCAV","Healthy","UML_NARWHAL_R5_B24","UML_NARWHAL_R2_B14","y","Healthy"
"77","042024_BEL_CBC_T2_1018_PAST","12_2_2024","25.9","","","042024","2_57","4/26/24","PAST","Healthy","UML_NARWHAL_R5_B24","UML_NARWHAL_R2_B14","y","Healthy"
"78","042024_BEL_CBC_T2_1025_SSID","12_2_2024","49.8","","","042024","2_73","4/26/24","SSID","Healthy","UML_NARWHAL_R5_B24","UML_NARWHAL_R2_B14","y","Healthy"
"79","042024_BEL_CBC_T2_1026_OFAV","12_2_2024","72.8","","","042024","2_76","4/26/24","OFAV","Healthy","UML_NARWHAL_R5_B24","UML_NARWHAL_R2_B14","y","Healthy"
"80","042024_BEL_CBC_T2_1027_PAST","12_2_2024","14.7","","","042024","2_68","4/26/24","PAST","Healthy","UML_NARWHAL_R5_B24","UML_NARWHAL_R2_B14","y","Healthy"
"81","042024_BEL_CBC_T2_1028_PAST","12_2_2024","28.5","","","042024","2_63","4/26/24","PAST","Healthy","UML_NARWHAL_R5_B24","UML_NARWHAL_R2_B14","y","Healthy"
"82","042024_BEL_CBC_T2_1034_SSID","9_9_2024","26","","","042024","2_99","4/26/24","SSID","Diseased_Tissue","UML_NARWHAL_R5_B24","UML_NARWHAL_R2_B11","y","Diseased"
"83","042024_BEL_CBC_T2_1035_SSID","11_4_2024","1.14","","","042024","2_99","4/26/24","SSID","Diseased_Margin","UML_NARWHAL_R5_B24","UML_NARWHAL_R2_B11","y","Diseased"
"84","042024_BEL_CBC_T2_1040_SSID","12_2_2024","52.2","","","042024","2_72","4/26/24","SSID","Healthy","UML_NARWHAL_R5_B24","UML_NARWHAL_R2_B14","y","Diseased"
"85","042024_BEL_CBC_T2_1144_MCAV","12_2_2024","75.1","","","042024","2_69","4/30/24","MCAV","Healthy","UML_NARWHAL_R5_B25","UML_NARWHAL_R2_B14","y","Healthy"
"86","042024_BEL_CBC_T3_942_PAST","12_3_2024","6.77","","","042024","3_34","4/25/24","PAST","Healthy","UML_NARWHAL_R5_B24","UML_NARWHAL_R2_B14","y","Healthy"
"87","042024_BEL_CBC_T3_944_SSID","12_3_2024","64.6","","","042024","3_33","4/25/24","SSID","Healthy","UML_NARWHAL_R5_B24","UML_NARWHAL_R2_B14","y","DC"
"88","042024_BEL_CBC_T3_946_OFAV","12_3_2024","56.7","","","042024","3_39","4/25/24","OFAV","Healthy","UML_NARWHAL_R5_B24","UML_NARWHAL_R2_B14","y","Healthy"
"89","042024_BEL_CBC_T3_947_MCAV","12_3_2024","134","","","042024","3_21","4/25/24","MCAV","Healthy","UML_NARWHAL_R5_B24","UML_NARWHAL_R2_B14","y","Healthy"
"90","042024_BEL_CBC_T3_949_PSTR","12_3_2024","9.51","","","042024","3_70","4/25/24","PSTR","Healthy","UML_NARWHAL_R5_B24","UML_NARWHAL_R2_B14","y","Healthy"
"91","042024_BEL_CBC_T3_950_PSTR","12_3_2024","8.85","","","042024","3_20","4/25/24","PSTR","Healthy","UML_NARWHAL_R5_B24","UML_NARWHAL_R2_B14","y","Healthy"
"92","042024_BEL_CBC_T3_953_MCAV","12_3_2024","129","","","042024","3_14","4/25/24","MCAV","Healthy","UML_NARWHAL_R5_B24","UML_NARWHAL_R2_B14","y","Healthy"
"93","042024_BEL_CBC_T3_955_OFAV","12_3_2024","155","","","042024","3_38","4/25/24","OFAV","Healthy","UML_NARWHAL_R5_B24","UML_NARWHAL_R2_B14","y","Healthy"
"94","042024_BEL_CBC_T3_956_MCAV","12_3_2024","12.8","","","042024","3_2","4/25/24","MCAV","Healthy","UML_NARWHAL_R5_B24","UML_NARWHAL_R2_B14","y","Diseased_Other"
"95","042024_BEL_CBC_T3_959_SSID","12_3_2024","21.5","","","042024","3_5","4/25/24","SSID","Healthy","UML_NARWHAL_R5_B24","UML_NARWHAL_R2_B14","y","Healthy"
"96","042024_BEL_CBC_T3_960_OFAV","12_3_2024","31.8","","","042024","3_66","4/25/24","OFAV","Healthy","UML_NARWHAL_R5_B24","UML_NARWHAL_R2_B14","y","Healthy"
"97","042024_BEL_CBC_T4_1041_MCAV","12_3_2024","53.4","","","042024","4_30","4/26/24","MCAV","Healthy","UML_NARWHAL_R5_B24","UML_NARWHAL_R2_B14","y","Healthy"
"98","042024_BEL_CBC_T4_1042_OFAV","12_3_2024","77.8","","","042024","4_78","4/26/24","OFAV","Healthy","UML_NARWHAL_R5_B24","UML_NARWHAL_R2_B14","y","Healthy"
"99","042024_BEL_CBC_T4_1044_PSTR","12_3_2024","13.2","","","042024","4_79","4/26/24","PSTR","Healthy","UML_NARWHAL_R5_B24","UML_NARWHAL_R2_B14","y","Healthy"
"100","042024_BEL_CBC_T4_1045_MCAV","12_3_2024","70.5","","","042024","4_76","4/26/24","MCAV","Healthy","UML_NARWHAL_R5_B24","UML_NARWHAL_R2_B14","y","Healthy"
"101","042024_BEL_CBC_T4_1046_PSTR","12_3_2024","50.7","","","042024","4_98","4/26/24","PSTR","Healthy","UML_NARWHAL_R5_B24","UML_NARWHAL_R2_B14","y","Healthy"
"102","042024_BEL_CBC_T4_1047_MCAV","12_3_2024","72.4","","","042024","4_28","4/26/24","MCAV","Healthy","UML_NARWHAL_R5_B24","UML_NARWHAL_R2_B14","y","Healthy"
"103","052022_BEL_CBC_T1_1_PAST","2022","39.8","11_5_2024","UML_NARWHAL_R6_B27","052022","1_2","5/21/22","PAST","Healthy","UML_NARWHAL_R1_B3","UML_NARWHAL_R2_B32,  UML_NARWHAL_R2_B35","y","Healthy"
"104","052022_BEL_CBC_T1_2_SSID","12_2_2024","7.73","","","052022","1_3","5/21/22","SSID","Diseased_Tissue","UML_NARWHAL_R1_B3","UML_NARWHAL_R2_B14, UML_NARWHAL_R2_B33","y","Diseased"
"105","052022_BEL_CBC_T1_34_PAST","8_19_2024","1.31","10_6_2024","UML_NARWHAL_R6_B30","052022","1_21","5/21/22","PAST","Healthy","UML_NARWHAL_R1_B3","UML_NARWHAL_R2_B29, UML_NARWHAL_R2_B34","y","Healthy"
"106","052022_BEL_CBC_T1_53_PAST","8_19_2024","1.75","10_6_2024","UML_NARWHAL_R6_B30","052022","1_13","5/21/22","PAST","Healthy","UML_NARWHAL_R1_B3","UML_NARWHAL_R2_B29, UML_NARWHAL_R2_B34","y","Healthy"
"107","052022_BEL_CBC_T1_54_MCAV","8_12_2024","0.361","10_6_2024","UML_NARWHAL_R6_B30","052022","1_24","5/21/22","MCAV","Healthy","UML_NARWHAL_R1_B3","UML_NARWHAL_R2_B26","y","Healthy"
"108","052022_BEL_CBC_T1_55_PSTR","6_8_2023","9.4","10_6_2023","UML_NARWHAL_R6_B1","052022","1_12","5/21/22","PSTR","Healthy","UML_NARWHAL_R1_B3","UML_NARWHAL_R2_B3","y","Healthy"
"109","052022_BEL_CBC_T1_62_MCAV","8_12_2024","0.538","10_6_2024","UML_NARWHAL_R6_B30","052022","1_24","5/25/22","MCAV","Healthy","UML_NARWHAL_R1_B3","UML_NARWHAL_R2_B26","y","Healthy"
"110","052022_BEL_CBC_T1_63_OANN","7_16_2024","9.86","8_6_2024","UML_NARWHAL_R6_B27","052022","1_25","5/21/22","OANN","Healthy","UML_NARWHAL_R1_B3","UML_NARWHAL_R2_B26","y","Healthy"
"111","052022_BEL_CBC_T2_1_SSID","12_4_2024","33.2","","","052022","2_73","5/22/22","SSID","Healthy","UML_NARWHAL_R1_B8","UML_NARWHAL_R2_B15","y","Healthy"
"112","052022_BEL_CBC_T2_10_MCAV","2022","7.94","10_30_24","UML_NARWHAL_R6_B27","052022","2_60","5/22/22","MCAV","Healthy","Depleted_UML_NARWHAL_R1_B8","UML_NARWHAL_R2_B32, UML_NARWHAL_R2_B29, UML_NARWHAL_R2_B35","y","Healthy"
"113","052022_BEL_CBC_T2_11_PAST","6_17_2022","15","11_6_2024","UML_NARWHAL_R6_B27","052022","2_57","5/22/22","PAST","Healthy","Depleted_UML_NARWHAL_R1_B8","UML_NARWHAL_R2_B32, UML_NARWHAL_R2_B29, UML_NARHWAL_PINK","y","Healthy"
"114","052022_BEL_CBC_T2_12_MCAV","8_12_2024","0.902","10_6_2024","UML_NARWHAL_R6_B30","052022","2_55","5/22/22","MCAV","Healthy","UML_NARWHAL_R1_B8","UML_NARWHAL_R2_B26","y","Healthy"
"115","052022_BEL_CBC_T2_3_SSID","1_13_2025","12.1","","","052022","2_72","5/22/22","SSID","Healthy","UML_NARWHAL_R1_B8","UML_NARWHAL_R2_B15","y","CLB"
"116","052022_BEL_CBC_T2_4_MCAV","8_12_2024","0.094","10_6_2024","UML_NARWHAL_R6_B30","052022","2_69","5/22/22","MCAV","Healthy","UML_NARWHAL_R1_B8","UML_NARWHAL_R2_B26","y","Healthy"
"117","052022_BEL_CBC_T2_5_PAST","9_11_2024","48.1","10_6_2024","UML_NARWHAL_R6_B30","052022","2_68","5/22/22","PAST","Healthy","UML_NARWHAL_R1_B8","UML_NARWHAL_R2_B29","y","Healthy"
"118","052022_BEL_CBC_T2_59_OFAV","10_3_2023","73.7","10_16_2023","UML_NARWHAL_R2_B1","052022","2_76","5/24/22","OFAV","Healthy","UML_NARWHAL_R1_B8","UML_NARWHAL_R2_B3","y","Healthy"
"119","052022_BEL_CBC_T2_71_OFAV","10_3_2023","98.8","10_16_2023","UML_NARWHAL_R6_B1","052022","2_79","5/24/22","OFAV","Healthy","UML_NARWHAL_R1_B8","UML_NARWHAL_R2_B3","y","Healthy"
"120","052022_BEL_CBC_T2_9_PAST","9_11_2024","4.32","9_28_2024","UML_NARWHAL_R6_B30","052022","2_63","5/22/22","PAST","Healthy","UML_NARWHAL_R1_B8","UML_NARWHAL_R2_B29","y","Healthy"
"121","052022_BEL_CBC_T3_1_MCAV","6_15_2022","6","11_5_2024","all_sent_for_sequencing","052022","3_2","5/20/22","MCAV","Healthy","Depleted_UML_NARWHAL_R1_B3","UML_NARWHAL_R2_B32, UML_NARWHAL_R2_B35, UML_NARWHAL_R2_B33","y","Healthy"
"122","052022_BEL_CBC_T3_11_PAST","8_19_2024","8.57","9_28_2024","UML_NARWHAL_R6_B30","052022","3_6","5/20/22","PAST","Healthy","UML_NARWHAL_R1_B3","UML_NARWHAL_R2_B29, UML_NARWHAL_R2_B34","y","Healthy"
"123","052022_BEL_CBC_T3_13_MCAV","6_15_2022","3","10_30_24","UML_NARWHAL_R6_B27","052022","3_14","5/20/22","MCAV","Healthy","UML_NARWHAL_R1_B3","UML_NARWHAL_R2_B35","y","Healthy"
"124","052022_BEL_CBC_T3_15_PSTR","6_8_2023","13.3","10_6_2023","UML_NARWHAL_R6_B1","052022","3_20","5/20/22","PSTR","Healthy","Depleted_UML_NARWHAL_R1_B3","UML_NARWHAL_R2_B3","y","Healthy"
"125","052022_BEL_CBC_T3_16_SSID","1_15_2025","21","","","052022","3_33","5/20/22","SSID","Healthy","UML_NARWHAL_R1_B3","UML_NARWHAL_R2_B15","y","Healthy"
"126","052022_BEL_CBC_T3_19_MCAV","2022","17.4","10_30_24","UML_NARWHAL_R6_B27","052022","3_21","5/20/22","MCAV","Healthy","Depleted_UML_NARWHAL_R1_B3","UML_NARWHAL_R2_B32","y","Healthy"
"127","052022_BEL_CBC_T3_25_PAST","2022","8.52","10_30_24","UML_NARWHAL_R6_B27","052022","3_34","5/20/22","PAST","Healthy","UML_NARWHAL_R1_B3","UML_NARWHAL_R2_B32, UML_NARWHAL_R2_B29, UML_NARWHAL_R2_B34, UML_NARWHAL_R2_B35","y","Healthy"
"128","052022_BEL_CBC_T3_6_SSID","12_4_2024","27.9","","","052022","3_5","5/20/22","SSID","Healthy","UML_NARWHAL_R1_B3","UML_NARWHAL_R2_B15","y","Healthy"
"129","052022_BEL_CBC_T3_65_OFAV","6_21_2023","26.8","10_11_23","UML_NARWHAL_R6_B1","052022","3_39","5/20/22","OFAV","Healthy","UML_NARWHAL_R1_B3","UML_NARWHAL_R2_B3","y","Healthy"
"130","052022_BEL_CBC_T3_66_OFAV","6_21_2023","17.8","10_11_23","UML_NARWHAL_R6_B1","052022","3_38","5/20/22","OFAV","Healthy","UML_NARWHAL_R1_B3","UML_NARWHAL_R2_B3","y","Healthy"
"131","052022_BEL_CBC_T3_8_PAST","2022","4.032","11_6_2024","UML_NARWHAL_R6_B27","052022","3_10","5/20/22","PAST","Healthy","Depleted_UML_NARWHAL_R1_B3","UML_NARWHAL_R2_B32","y","Healthy"
"132","062019_BEL_CBC_T1_1_PAST","2022","2.38","10_30_24","all_sent_for_sequencing","062019","1_2","6/21/19","PAST","Healthy","Depleted_UML_NARWHAL_R1_B1","UML_NARWHAL_R2_B32, UML_NARWHAL_R2_B29, UML_NARWHAL_R2_B35","y","Healthy"
"133","062019_BEL_CBC_T1_12_PAST","9_11_2024","1.08","10_6_2024","UML_NARWHAL_R6_B30","062019","1_13","6/24/19","PAST","Healthy","UML_NARWHAL_R1_B1","UML_NARWHAL_R2_B29, UML_NARWHAL_R2_B34","y","Healthy"
"134","062019_BEL_CBC_T1_21_PAST","8_19_2024","1.9","10_6_2024","UML_NARWHAL_R6_B30","062019","1_21","6/24/19","PAST","Healthy","UML_NARWHAL_R1_B1","UML_NARWHAL_R2_B29","y","Healthy"
"135","062019_BEL_CBC_T1_22_MCAV","11_26_2024; 2022","34.2; 6.67","11_5_2024 (from 2022 extract)","UML_NARWHAL_R6_B27","062019","1_24","6/24/19","MCAV","Healthy","UML_NARWHAL_R1_B1","UML_NARWHAL_R2_B33","y","Healthy"
"136","062019_BEL_CBC_T1_5_SSID","12_2_2024","20.5","","","062019","1_3","6/21/19","SSID","Healthy","UML_NARWHAL_R1_B1","UML_NARWHAL_R2_B14","y","Healthy"
"137","062019_BEL_CBC_T2_16_MCAV","9_16_2024","3.19","10_9_2024","UML_NARWHAL_R6_B27","062019","2_60","6/22/19","MCAV","Healthy","Depleted_UML_NARWHAL_R1_B1","UML_NARWHAL_R2_B29, UML_NARWHAL_R2_B33","y","Healthy"
"138","062019_BEL_CBC_T2_17_SSID","12_4_2024","3.79","","","062019","2_73","6/25/19","SSID","Healthy","UML_NARWHAL_R1_B1","UML_NARWHAL_R2_B15","y","Healthy"
"139","062019_BEL_CBC_T2_18_MCAV","2022","7.26","11_5_2024","UML_NARWHAL_R6_B27","062019","2_69","6/25/19","MCAV","Healthy","UML_NARWHAL_R1_B1","UML_NARWHAL_R2_B33","y","Healthy"
"140","062019_BEL_CBC_T2_18_MCAV","12_2_2024","1.61","","","062019","2_69","6/25/19","MCAV","Healthy","UML_NARWHAL_R1_B1","UML_NARWHAL_R2_B33","y","Healthy"
"141","062019_BEL_CBC_T2_2_PAST","9_11_2024","6.77","10_6_2024","UML_NARWHAL_R6_B30","062019","2_68","6/21/19","PAST","Healthy","UML_NARWHAL_R1_B1","UML_NARWHAL_R2_B29, UML_NARWHAL_R2_B34","y","Healthy"
"142","062019_BEL_CBC_T2_21_PAST","9_16_2024","0.841","11_6_2024","UML_NARWHAL_R6_B27","062019","2_57","6/25/19","PAST","Healthy","UML_NARWHAL_R1_B1","UML_NARWHAL_R2_B34, UML_NARWHAL_R2_B32, UML_NARWHAL_R2_B35","y","Healthy"
"143","062019_BEL_CBC_T2_23_MCAV","2022","3.25","11_5_2024","all_sent_for_sequencing","062019","2_55","6/25/19","MCAV","Healthy","UML_NARWHAL_R1_B1","UML_NARWHAL_R2_B33","y","Healthy"
"144","062019_BEL_CBC_T2_23_MCAV","12_2_2024","3.33","","","062019","2_55","6/25/19","MCAV","Healthy","UML_NARWHAL_R1_B1","UML_NARWHAL_R2_B33","y","Healthy"
"145","062019_BEL_CBC_T2_25_PAST","8_19_2024","1.88","10_6_2024","UML_NARWHAL_R6_B30","062019","2_63","6/25/19","PAST","Healthy","UML_NARWHAL_R1_B1","UML_NARWHAL_R2_B35, UML_NARWHAL_R2_B29, UML_NARWHAL_R2_B34","y","Healthy"
"146","062019_BEL_CBC_T2_26_SSID","1_13_2025","15.1","","","062019","2_72","6/25/19","SSID","Healthy","UML_NARWHAL_R1_B1","UML_NARWHAL_R2_B15","y","Healthy"
"147","062019_BEL_CBC_T3_1_MCAV","6_13_2022","12.3","10_30_24","UML_NARWHAL_R6_B27","062019","3_2","6/23/19","MCAV","Healthy","Depleted_UML_NARWHAL_R1_B1","UML_NARWHAL_R2_B32, UML_NARWHAL_R2_B33, UML_NARWHAL_R2_B35","y","Healthy"
"148","062019_BEL_CBC_T3_16_MCAV","2022","13.6","10_30_24","UML_NARWHAL_R6_B27","062019","3_21","6/23/19","MCAV","Healthy","UML_NARWHAL_R1_B1","UML_NARWHAL_R2_B32, UML_NARWHAL_R2_B35, UML_NARWHAL_R2_B33","y","Healthy"
"149","062019_BEL_CBC_T3_27_SSID","12_3_2024","RECHECK","","","062019","3_33","6/23/19","SSID","Healthy","UML_NARWHAL_R1_B1","UML_NARWHAL_R2_B14","y","Healthy"
"150","062019_BEL_CBC_T3_31_PAST","2022","3.18","10_30_24","all_sent_for_sequencing","062019","3_34","6/23/19","PAST","Healthy","UML_NARWHAL_R1_B1","UML_NARWHAL_R2_B32, UML_NARWHAL_R2_B35, UML_NARWHAL_R2_B29, UML_NARWHAL_R2_B26, UML_NARWHAL_R2_B34","y","Healthy"
"151","062019_BEL_CBC_T3_4_PAST","9_11_2024","33.7","10_6_2024","UML_NARWHAL_R6_B30","062019","3_6","6/23/19","PAST","Healthy","UML_NARWHAL_R1_B1","UML_NARWHAL_R2_B29, UML_NARWHAL_R2_B33","y","Healthy"
"152","062019_BEL_CBC_T3_5_SSID","12_3_2024","30.6","","","062019","3_5","6/23/19","SSID","Healthy","UML_NARWHAL_R1_B1","UML_NARWHAL_R2_B14","y","Healthy"
"153","062019_BEL_CBC_T3_7_PAST","6_17_2022","7.28","10_30_24","UML_NARWHAL_R6_B27","062019","3_10","6/23/19","PAST","Healthy","UML_NARWHAL_R1_B1","UML_NARWHAL_R2_B32, UML_NARWHAL_R2_B35","y","Healthy"
"154","062019_BEL_CBC_T3_8_MCAV","2022","13.3","11_5_2024","UML_NARWHAL_R6_B27","062019","3_14","6/23/19","MCAV","Healthy","UML_NARWHAL_R1_B1","UML_NARWHAL_R2_B32, UML_NARWHAL_R2_B33, UML_NARWHAL_R2_B29, UML_NARWHAL_R2_B35","y","Healthy"
"155","062024_BEL_CBC_T1_1341_SSID","11_4_2024","3.76","","","062024","1_3","6/21/24","SSID","Diseased_Margin","UML_NARWHAL_R5_B26","UML_NARWHAL_R2_B11","y","Diseased"
"156","062024_BEL_CBC_T1_1344_SSID","9_10_2024","19.8","","","062024","1_3","6/21/24","SSID","Diseased_Tissue","UML_NARWHAL_R5_B26","UML_NARWHAL_R2_B11","y","Diseased"
"157","062024_BEL_CBC_T1_1347_OANN","12_4_2024","10.7","","","062024","1_25","6/21/24","OANN","Healthy","UML_NARWHAL_R5_B26","UML_NARWHAL_R2_B15","y","Healthy"
"158","062024_BEL_CBC_T1_1350_PSTR","12_4_2024","18.7","","","062024","1_12","6/21/24","PSTR","Healthy","UML_NARWHAL_R5_B26","UML_NARWHAL_R2_B15","y","Healthy"
"159","062024_BEL_CBC_T1_1353_MCAV","12_4_2024","39.6","","","062024","1_24","6/21/24","MCAV","Healthy","UML_NARWHAL_R5_B26","UML_NARWHAL_R2_B15","y","Healthy"
"160","062024_BEL_CBC_T1_1356_PAST","12_4_2024","5","","","062024","1_2","6/21/24","PAST","Healthy","UML_NARWHAL_R5_B26","UML_NARWHAL_R2_B15","y","Healthy"
"161","062024_BEL_CBC_T2_1369_SSID","9_10_2024","21","","","062024","2_72","6/21/24","SSID","Diseased_Tissue","UML_NARWHAL_R5_B26","UML_NARWHAL_R2_B11","y","Diseased"
"162","062024_BEL_CBC_T2_1369_SSID","12_4_2024","29.7","","","062024","2_72","6/21/24","SSID","Diseased_Tissue","UML_NARWHAL_R5_B26","UML_NARWHAL_R2_B11","y","Diseased"
"163","062024_BEL_CBC_T2_1372_OFAV","12_4_2024","98.6","","","062024","2_76","6/21/24","OFAV","Healthy","UML_NARWHAL_R5_B26","UML_NARWHAL_R2_B15","y","Healthy"
"164","062024_BEL_CBC_T2_1375_SSID","12_4_2024","71","","","062024","2_73","6/21/24","SSID","Healthy","UML_NARWHAL_R5_B26","UML_NARWHAL_R2_B15","y","DC"
"165","062024_BEL_CBC_T2_1378_PAST","12_4_2024","27.6","","","062024","2_68","6/21/24","PAST","Healthy","UML_NARWHAL_R5_B26","UML_NARWHAL_R2_B15","y","Healthy"
"166","062024_BEL_CBC_T2_1381_SSID","9_10_2024","36","","","062024","2_99","6/21/24","SSID","Diseased_Tissue","UML_NARWHAL_R5_B26","UML_NARWHAL_R2_B11","y","Diseased"
"167","062024_BEL_CBC_T2_1381_SSID","12_4_2024","39.7","","","062024","2_99","6/21/24","SSID","Diseased_Tissue","UML_NARWHAL_R5_B26","UML_NARWHAL_R2_B11","y","Diseased"
"168","062024_BEL_CBC_T2_1384_MCAV","12_4_2024","24.1","","","062024","2_55","6/21/24","MCAV","Healthy","UML_NARWHAL_R5_B26","UML_NARWHAL_R2_B15","y","Healthy"
"169","062024_BEL_CBC_T2_1387_OFAV","12_4_2024","4.62","","","062024","2_79","6/21/24","OFAV","Healthy","UML_NARWHAL_R5_B26","UML_NARWHAL_R2_B15","y","Healthy"
"170","062024_BEL_CBC_T2_1393_PAST","12_4_2024","42.9","","","062024","2_57","6/21/24","PAST","Healthy","UML_NARWHAL_R5_B26","UML_NARWHAL_R2_B15","y","Healthy"
"171","062024_BEL_CBC_T2_1396_MCAV","12_4_2024","47.5","","","062024","2_69","6/21/24","MCAV","Healthy","UML_NARWHAL_R5_B26","UML_NARWHAL_R2_B15","y","Healthy"
"172","062024_BEL_CBC_T2_1399_PAST","12_4_2024","17.4","","","062024","2_63","6/21/24","PAST","Healthy","UML_NARWHAL_R5_B26","UML_NARWHAL_R2_B15","y","Healthy"
"173","062024_BEL_CBC_T2_1402_MCAV","12_4_2024","26.4","","","062024","2_60","6/21/24","MCAV","Healthy","UML_NARWHAL_R5_B26","UML_NARWHAL_R2_B15","y","Healthy"
"174","062024_BEL_CBC_T3_1412_MCAV","11_4_2024","3.08","","","062024","3_2","6/20/24","MCAV","Diseased_Margin","UML_NARWHAL_R5_B26","UML_NARWHAL_R2_B11","y","Diseased_Other"
"175","062024_BEL_CBC_T3_1415_MCAV","9_10_2024","42","","","062024","3_2","6/20/24","MCAV","Diseased_Tissue","UML_NARWHAL_R5_B26","UML_NARWHAL_R2_B11","y","Diseased_Other"
"176","062024_BEL_CBC_T3_1418_SSID","1_13_2025","41.4","","","062024","3_5","6/20/24","SSID","Healthy","UML_NARWHAL_R5_B26","UML_NARWHAL_R2_B15","y","Healthy"
"177","062024_BEL_CBC_T3_1421_OFAV","1_13_2025","69.4","","","062024","3_38","6/20/24","OFAV","Healthy","UML_NARWHAL_R5_B26","UML_NARWHAL_R2_B15","y","Healthy"
"178","062024_BEL_CBC_T3_1424_PAST","12_5_2024","5.1","","","062024","3_10","6/20/24","PAST","Healthy","UML_NARWHAL_R5_B26","UML_NARWHAL_R2_B15","y","Healthy"
"179","062024_BEL_CBC_T3_1427_MCAV","1_13_2025","36","","","062024","3_14","6/20/24","MCAV","Healthy","UML_NARWHAL_R5_B26","UML_NARWHAL_R2_B15","y","Healthy"
"180","062024_BEL_CBC_T3_1430_PSTR","1_13_2025","9.52","","","062024","3_20","6/20/24","PSTR","Healthy","UML_NARWHAL_R5_B26","UML_NARWHAL_R2_B15","y","Healthy"
"181","062024_BEL_CBC_T3_1433_PSTR","12_5_2024","18.6","","","062024","3_70","6/20/24","PSTR","Healthy","UML_NARWHAL_R5_B26","UML_NARWHAL_R2_B15","y","Healthy"
"182","062024_BEL_CBC_T3_1436_MCAV","12_5_2024","64.4","","","062024","3_21","6/20/24","MCAV","Healthy","UML_NARWHAL_R5_B26","UML_NARWHAL_R2_B15","y","Healthy"
"183","062024_BEL_CBC_T3_1439_OFAV ","1_13_2025","52.6","","","062024","3_66","6/20/24","OFAV","Healthy","UML_NARWHAL_R5_B26","UML_NARWHAL_R2_B15","y","Healthy"
"184","062024_BEL_CBC_T3_1442_OFAV","1_13_2025","71.4","","","062024","3_39","6/20/24","OFAV","Healthy","UML_NARWHAL_R5_B26","UML_NARWHAL_R2_B15","y","Healthy"
"185","062024_BEL_CBC_T3_1445_SSID","1_13_2025","86.6","","","062024","3_33","6/20/24","SSID","Healthy","UML_NARWHAL_R5_B26","UML_NARWHAL_R2_B15","y","DC"
"186","062024_BEL_CBC_T3_1448_PAST","1_13_2025","35","","","062024","3_34","6/20/24","PAST","Healthy","UML_NARWHAL_R5_B26","UML_NARWHAL_R2_B15","y","Healthy"
"187","062024_BEL_CBC_T4_1458_MCAV","1_13_2025","20.6","","","062024","4_30","6/22/24","MCAV","Healthy","UML_NARWHAL_R5_B26","UML_NARWHAL_R2_B15","y","Healthy"
"188","062024_BEL_CBC_T4_1461_OFAV","12_5_2024","25.5","","","062024","4_78","6/22/24","OFAV","Healthy","UML_NARWHAL_R5_B26","UML_NARWHAL_R2_B15","y","Healthy"
"189","062024_BEL_CBC_T4_1464_MCAV","12_5_2024","6.74","","","062024","4_76","6/22/24","MCAV","Healthy","UML_NARWHAL_R5_B26","UML_NARWHAL_R2_B15","y","Healthy"
"190","062024_BEL_CBC_T4_1467_MCAV","1_13_2025","21.8","","","062024","4_28","6/22/24","MCAV","Healthy","UML_NARWHAL_R5_B26","UML_NARWHAL_R2_B15","y","Healthy"
"191","062024_BEL_CBC_T4_1470_PSTR","1_13_2025","21.4","","","062024","4_98","6/22/24","PSTR","Healthy","UML_NARWHAL_R5_B26","UML_NARWHAL_R2_B15","y","Healthy"
"192","062024_BEL_CBC_T4_1473_PSTR","1_13_2025","10","","","062024","4_79","6/22/24","PSTR","Healthy","UML_NARWHAL_R5_B26","UML_NARWHAL_R2_B15","y","Healthy"
"193","082024_BEL_CBC_T1_1479_PAST","1_14_2025","62.6","","","082024","1_2","8/22/24","PAST","Healthy","UML_NARWHAL_R5_B27","UML_NARWHAL_R2_B15","y","Healthy"
"194","082024_BEL_CBC_T1_1480_SSID","1_14_2025","43.6","","","082024","1_3","8/22/24","SSID","Healthy","UML_NARWHAL_R5_B27","UML_NARWHAL_R2_B15","y","Diseased"
"195","082024_BEL_CBC_T1_1481_PSTR","1_14_2025","45.8","","","082024","1_12","8/22/24","PSTR","Healthy","UML_NARWHAL_R5_B27","UML_NARWHAL_R2_B15","y","Healthy"
"196","082024_BEL_CBC_T1_1482_OANN","1_14_2025","15.9","","","082024","1_25","8/22/24","OANN","Bleached_Tissue","UML_NARWHAL_R5_B27","UML_NARWHAL_R2_B15","y","Healthy"
"197","082024_BEL_CBC_T1_1483_MCAV","1_14_2025","58.4","","","082024","1_24","8/22/24","MCAV","Healthy","UML_NARWHAL_R5_B27","UML_NARWHAL_R2_B15","y","Healthy"
"198","082024_BEL_CBC_T2_1507_OFAV","1_14_2025","55.6","","","082024","2_76","8/23/24","OFAV","Healthy","UML_NARWHAL_R5_B27","UML_NARWHAL_R2_B15","y","Healthy"
"199","082024_BEL_CBC_T2_1508_SSID","1_14_2025","39.6","","","082024","2_73","8/23/24","SSID","Bleached_Tissue","UML_NARWHAL_R5_B27","UML_NARWHAL_R2_B15","y","CLP"
"200","082024_BEL_CBC_T2_1509_SSID","1_14_2025","60.8","","","082024","2_72","8/23/24","SSID","Bleached_Tissue","UML_NARWHAL_R5_B27","UML_NARWHAL_R2_B15","y","CLP"
"201","082024_BEL_CBC_T2_1510_PAST","1_14_2025","31.6","","","082024","2_68","8/23/24","PAST","Healthy","UML_NARWHAL_R5_B27","UML_NARWHAL_R2_B15","y","Healthy"
"202","082024_BEL_CBC_T2_1511_SSID","1_14_2025","96.2","","","082024","2_99","8/23/24","SSID","Bleached_Tissue","UML_NARWHAL_R5_B27","UML_NARWHAL_R2_B15","y","CLP"
"203","082024_BEL_CBC_T2_1512_PAST","1_14_2025","57.6","","","082024","2_63","8/23/24","PAST","Healthy","UML_NARWHAL_R5_B27","UML_NARWHAL_R2_B15","y","Healthy"
"204","082024_BEL_CBC_T2_1513_PAST","1_14_2025","80.8","","","082024","2_57","8/23/24","PAST","Healthy","UML_NARWHAL_R5_B27","UML_NARWHAL_R2_B15","y","Healthy"
"205","082024_BEL_CBC_T2_1514_MCAV","1_14_2025","98.8","","","082024","2_55","8/23/24","MCAV","Healthy","UML_NARWHAL_R5_B27","UML_NARWHAL_R2_B15","y","Healthy"
"206","082024_BEL_CBC_T2_1515_MCAV","1_14_2025","RECHECK","","","082024","2_60","8/23/24","MCAV","Healthy","UML_NARWHAL_R5_B27","UML_NARWHAL_R2_B15","y","Healthy"
"207","082024_BEL_CBC_T2_1516_OFAV","1_14_2025","RECHECK","","","082024","2_79","8/23/24","OFAV","Healthy","UML_NARWHAL_R5_B27","UML_NARWHAL_R2_B15","y","Healthy"
"208","082024_BEL_CBC_T2_1517_MCAV","1_14_2025","40.8","","","082024","2_69","8/23/24","MCAV","Healthy","UML_NARWHAL_R5_B27","UML_NARWHAL_R2_B15","y","Healthy"
"209","082024_BEL_CBC_T3_1553_MCAV","1_15_2025","89.8","","","082024","3_2","8/24/24","MCAV","Healthy","UML_NARWHAL_R5_B27","UML_NARWHAL_R2_B15","y","Diseased_Other"
"210","082024_BEL_CBC_T3_1554_OANN","1_15_2025","199.6","","","082024","3_38","8/24/24","OANN","Healthy","UML_NARWHAL_R5_B27","UML_NARWHAL_R2_B15","y","Healthy"
"211","082024_BEL_CBC_T3_1555_SSID","1_15_2025","11.7","","","082024","3_5","8/24/24","SSID","Bleached_Tissue","UML_NARWHAL_R5_B27","UML_NARWHAL_R2_B15","y","CLP"
"212","082024_BEL_CBC_T3_1556_OFAV","1_15_2025","110","","","082024","3_66","8/24/24","OFAV","Healthy","UML_NARWHAL_R5_B27","UML_NARWHAL_R2_B15","y","Healthy"
"213","082024_BEL_CBC_T3_1557_PAST","1_15_2025","4.42","","","082024","3_10","8/24/24","PAST","Healthy","UML_NARWHAL_R5_B27","UML_NARWHAL_R2_B15","y","Healthy"
"214","082024_BEL_CBC_T3_1558_MCAV","1_15_2025","RECHECK","","","082024","3_14","8/24/24","MCAV","Healthy","UML_NARWHAL_R5_B27","UML_NARWHAL_R2_B15","y","Healthy"
"215","082024_BEL_CBC_T3_1559_PSTR","1_15_2025","17.5","","","082024","3_20","8/24/24","PSTR","Healthy","UML_NARWHAL_R5_B27","UML_NARWHAL_R2_B15","y","Healthy"
"216","082024_BEL_CBC_T3_1560_PSTR","1_14_2025","64.8","","","082024","3_70","8/24/24","PSTR","Healthy","UML_NARWHAL_R5_B27","UML_NARWHAL_R2_B15","y","Healthy"
"217","082024_BEL_CBC_T3_1561_MCAV","1_15_2025","73.6","","","082024","3_21","8/24/24","MCAV","Healthy","UML_NARWHAL_R5_B27","UML_NARWHAL_R2_B15","y","Healthy"
"218","082024_BEL_CBC_T3_1562_OFAV","1_15_2025","76","","","082024","3_39","8/24/24","OFAV","Healthy","UML_NARWHAL_R5_B27","UML_NARWHAL_R2_B15","y","Healthy"
"219","082024_BEL_CBC_T3_1563_SSID","1_15_2025","RECHECK","","","082024","3_33","8/24/24","SSID","Healthy","UML_NARWHAL_R5_B27","UML_NARWHAL_R2_B15","y","DC"
"220","082024_BEL_CBC_T3_1564_PAST","1_15_2025","3.08","","","082024","3_34","8/24/24","PAST","Healthy","UML_NARWHAL_R5_B27","UML_NARWHAL_R2_B15","y","Healthy"
"221","082024_BEL_CBC_T4_1605_MCAV","1_15_2025","48.6","","","082024","4_28","8/22/24","MCAV","Healthy","UML_NARWHAL_R5_B27","UML_NARWHAL_R2_B15","y","Healthy"
"222","082024_BEL_CBC_T4_1606_PSTR","1_15_2025","32.4","","","082024","4_98","8/22/24","PSTR","Bleached_Tissue","UML_NARWHAL_R5_B27","UML_NARWHAL_R2_B15","y","CLP"
"223","082024_BEL_CBC_T4_1607_PSTR","1_15_2025","10.9","","","082024","4_79","8/22/24","PSTR","Healthy","UML_NARWHAL_R5_B27","UML_NARWHAL_R2_B15","y","Healthy"
"224","082024_BEL_CBC_T4_1608_MCAV","1_15_2025","61","","","082024","4_76","8/22/24","MCAV","Healthy","UML_NARWHAL_R5_B27","UML_NARWHAL_R2_B15","y","Healthy"
"225","082024_BEL_CBC_T4_1609_OFAV","1_15_2025","61.2","","","082024","4_78","8/22/24","OFAV","Healthy","UML_NARWHAL_R5_B27","UML_NARWHAL_R2_B15","y","Healthy"
"226","082024_BEL_CBC_T4_1610_MCAV","1_15_2025","86","","","082024","4_30","8/22/24","MCAV","Bleached_Tissue","UML_NARWHAL_R5_B27","UML_NARWHAL_R2_B15","y","CLB"
"227","092023_BEL_CBC_T1_171_PAST","11_8_2024","2.16","","","092023","1_2","9/25/23","PAST","Bleached_Tissue","UML_NARWHAL_R1_B10","UML_NARWHAL_R2_B12","y","CLP,CLB"
"228","092023_BEL_CBC_T1_172_PAST","11_8_2024","1.2","","","092023","1_21","9/25/23","PAST","Bleached_Tissue","UML_NARWHAL_R1_B10","UML_NARWHAL_R2_B12","y","CLP"
"229","092023_BEL_CBC_T1_173_SSID","11_8_2024","19.9","","","092023","1_3","9/25/23","SSID","Healthy","UML_NARWHAL_R1_B10","UML_NARWHAL_R2_B12","y","Diseased"
"230","092023_BEL_CBC_T1_174_MCAV","11_8_2024","45.4","","","092023","1_24","9/25/23","MCAV","Bleached_Tissue","UML_NARWHAL_R1_B10","UML_NARWHAL_R2_B12","y","CLP"
"231","092023_BEL_CBC_T1_175_PAST","11_8_2024","0.14","","","092023","1_13","9/25/23","PAST","Healthy","UML_NARWHAL_R1_B10","UML_NARWHAL_R2_B12","y","Healthy"
"232","092023_BEL_CBC_T1_175_PAST","1_15_2025","2.3","","","092023","1_13","9/25/23","PAST","Healthy","UML_NARWHAL_R1_B10","UML_NARWHAL_R2_B12","y","Healthy"
"233","092023_BEL_CBC_T1_177_PSTR","11_8_2024","29","","","092023","1_12","9/25/23","PSTR","Healthy","UML_NARWHAL_R1_B10","UML_NARWHAL_R2_B12","y","Healthy"
"234","092023_BEL_CBC_T1_178_OANN","11_8_2024","21","","","092023","1_25","9/27/23","OANN","Bleached_Tissue","UML_NARWHAL_R1_B10","UML_NARWHAL_R2_B12","y","CLP"
"235","092023_BEL_CBC_T2_171_OFAV","11_8_2024","78.8","","","092023","2_79","9/26/23","OFAV","Bleached_Tissue","UML_NARWHAL_R1_B10","UML_NARWHAL_R2_B12","y","CLB"
"236","092023_BEL_CBC_T2_172_OFAV","11_8_2024","108","","","092023","2_76","9/26/23","OFAV","Healthy","UML_NARWHAL_R1_B10","UML_NARWHAL_R2_B12","y","Healthy"
"237","092023_BEL_CBC_T2_173_SSID","11_8_2024","37.4","","","092023","2_73","9/26/23","SSID","Bleached_Tissue","UML_NARWHAL_R1_B10","UML_NARWHAL_R2_B12","y","CLP,CLB"
"238","092023_BEL_CBC_T2_174_SSID","11_8_2024","43.2","","","092023","2_72","9/26/23","SSID","Bleached_Tissue","UML_NARWHAL_R1_B10","UML_NARWHAL_R2_B12","y","CLB"
"239","092023_BEL_CBC_T2_175_PAST","11_8_2024","31.6","","","092023","2_68","9/26/23","PAST","Healthy","UML_NARWHAL_R1_B10","UML_NARWHAL_R2_B12","y","Healthy"
"240","092023_BEL_CBC_T2_176_MCAV","11_8_2024","46.4","","","092023","2_69","9/26/23","MCAV","Healthy","UML_NARWHAL_R1_B10","UML_NARWHAL_R2_B12","y","Healthy"
"241","092023_BEL_CBC_T2_179_SSID","11_8_2024","10","","","092023","2_99","9/26/23","SSID","Bleached_Tissue","UML_NARWHAL_R1_B10","UML_NARWHAL_R2_B12","y","CLP"
"242","092023_BEL_CBC_T2_181_PAST","11_8_2024","5.5","","","092023","2_63","9/26/23","PAST","Healthy","UML_NARWHAL_R1_B10","UML_NARWHAL_R2_B12","y","Healthy"
"243","092023_BEL_CBC_T2_182_PAST","11_8_2024","8.58","","","092023","2_57","9/26/23","PAST","Healthy","UML_NARWHAL_R1_B10","UML_NARWHAL_R2_B12","y","Healthy"
"244","092023_BEL_CBC_T2_183_MCAV","11_8_2024","11.8","","","092023","2_55","9/26/23","MCAV","Bleached_Tissue","UML_NARWHAL_R1_B10","UML_NARWHAL_R2_B12","y","CLP"
"245","092023_BEL_CBC_T2_184_MCAV","11_8_2024","18.9","","","092023","2_60","9/26/23","MCAV","Bleached_Tissue","UML_NARWHAL_R1_B10","UML_NARWHAL_R2_B12","y","CLP,CLB"
"246","092023_BEL_CBC_T3_171_OFAV","11_12_2024","43.8","","","092023","3_39","9/25/23","OFAV","Healthy","UML_NARWHAL_R1_B11","UML_NARWHAL_R2_B12","y","Healthy"
"247","092023_BEL_CBC_T3_172_PSTR","11_12_2024","168","","","092023","3_20","9/25/23","PSTR","Bleached_Tissue","UML_NARWHAL_R1_B11","UML_NARWHAL_R2_B12","y","CLP"
"248","092023_BEL_CBC_T3_173_OFAV","11_12_2024","106","","","092023","3_66","9/25/23","OFAV","Healthy","UML_NARWHAL_R1_B11","UML_NARWHAL_R2_B12","y","Healthy"
"249","092023_BEL_CBC_T3_174_OFAV","11_12_2024","30.2","","","092023","3_38","9/25/23","OFAV","Healthy","UML_NARWHAL_R1_B11","UML_NARWHAL_R2_B12","y","Healthy"
"250","092023_BEL_CBC_T3_175_MCAV","11_12_2024","22","","","092023","3_14","9/25/23","MCAV","Healthy","UML_NARWHAL_R1_B11","UML_NARWHAL_R2_B12","y","Healthy"
"251","092023_BEL_CBC_T3_176_MCAV","11_12_2024","78.8","","","092023","3_2","9/25/23","MCAV","Bleached_Tissue","UML_NARWHAL_R1_B11","UML_NARWHAL_R2_B12","y","CLP"
"252","092023_BEL_CBC_T3_177_SSID","11_12_2024","16.3","","","092023","3_5","9/25/23","SSID","Healthy","UML_NARWHAL_R1_B11","UML_NARWHAL_R2_B12","y","Healthy"
"253","092023_BEL_CBC_T3_178_PAST","11_12_2024","11.1","","","092023","3_6","9/25/23","PAST","Bleached_Tissue","UML_NARWHAL_R1_B11","UML_NARWHAL_R2_B12","y","CLB"
"254","092023_BEL_CBC_T3_181_PAST","11_12_2024","10.5","","","092023","3_10","9/25/23","PAST","Bleached_Tissue","UML_NARWHAL_R1_B11","UML_NARWHAL_R2_B12","y","CLP"
"255","092023_BEL_CBC_T3_182_MCAV","11_12_2024","78.4","","","092023","3_21","9/25/23","MCAV","Healthy","UML_NARWHAL_R1_B11","UML_NARWHAL_R2_B12","y","Healthy"
"256","092023_BEL_CBC_T3_183_SSID","11_12_2024","48.4","","","092023","3_33","9/25/23","SSID","Healthy","UML_NARWHAL_R1_B11","UML_NARWHAL_R2_B12","y","CLP,DC"
"257","092023_BEL_CBC_T3_184_PAST","11_12_2024","44.8","","","092023","3_34","9/25/23","PAST","Healthy","UML_NARWHAL_R1_B11","UML_NARWHAL_R2_B12","y","Healthy"
"258","092023_BEL_CBC_T3_195_PSTR","11_12_2024","8.52","","","092023","3_70","9/25/23","PSTR","Bleached_Tissue","UML_NARWHAL_R1_B11","UML_NARWHAL_R2_B12","y","CLP"
"259","092023_BEL_CBC_T4_91_MCAV","11_12_2024","80.6","","","092023","4_28","9/26/23","MCAV","Healthy","UML_NARWHAL_R1_B11","UML_NARWHAL_R2_B12","y","Healthy"
"260","092023_BEL_CBC_T4_92_PSTR","11_12_2024","4.54","","","092023","4_98","9/26/23","PSTR","Healthy","UML_NARWHAL_R1_B11","UML_NARWHAL_R2_B12","y","Healthy"
"261","092023_BEL_CBC_T4_93_PSTR","11_12_2024","31.4","","","092023","4_79","9/26/23","PSTR","Healthy","UML_NARWHAL_R1_B11","UML_NARWHAL_R2_B12","y","Healthy"
"262","092023_BEL_CBC_T4_94_MCAV","11_12_2024","9.32","","","092023","4_76","9/26/23","MCAV","Healthy","UML_NARWHAL_R1_B11","UML_NARWHAL_R2_B12","y","Healthy"
"263","092023_BEL_CBC_T4_95_OFAV","11_12_2024","79.6","","","092023","4_78","9/26/23","OFAV","Bleached_Tissue","UML_NARWHAL_R1_B11","UML_NARWHAL_R2_B12","y","CLP"
"264","092023_BEL_CBC_T4_96_MCAV","11_12_2024","16.5","","","092023","4_30","9/26/23","MCAV","Healthy","UML_NARWHAL_R1_B11","UML_NARWHAL_R2_B12","y","Healthy"
"265","102019_BEL_CBC_T1_29_PSTR","5_30_2023","3.2","10_17_2023","UML_NARWHAL_R2_B1","102019","1_12","10/15/19","PSTR","Healthy","Depleted__UML_NARWHAL_R1_B2"," UML_NARWHAL_R2_B35, UML_NARWHAL_R2_B3","y","Healthy"
"266","102019_BEL_CBC_T3_35_PSTR","6_6_2023","30.3","10_4_2023","UML_NARWHAL_R6_B1","102019","3_20","10/14/19","PSTR","Healthy","UML_NARWHAL_R1_B2","UML_NARWHAL_R2_B3","y","Healthy"
"267","112023_BEL_CBC_T1_273_PAST","11_13_2024","7.5","","","112023","1_2","11/14/23","PAST","Bleached_Tissue","UML_NARWHAL_R5_B19","UML_NARWHAL_R2_B12","y","CLB"
"268","112023_BEL_CBC_T1_274_PAST","11_13_2024","0.386","","","112023","1_21","11/14/23","PAST","Bleached_Tissue","UML_NARWHAL_R5_B19","UML_NARWHAL_R2_B12","y","CLP"
"269","112023_BEL_CBC_T1_275_SSID","11_13_2024","35","","","112023","1_3","11/14/23","SSID","Bleached_Tissue","UML_NARWHAL_R5_B19","UML_NARWHAL_R2_B12","y","CLP"
"270","112023_BEL_CBC_T1_276_MCAV","11_13_2024","11.1","","","112023","1_24","11/14/23","MCAV","Bleached_Tissue","UML_NARWHAL_R5_B19","UML_NARWHAL_R2_B12","y","CLP"
"271","112023_BEL_CBC_T1_277_OANN","11_13_2024","7.88","","","112023","1_25","11/14/23","OANN","Bleached_Tissue","UML_NARWHAL_R5_B19","UML_NARWHAL_R2_B12","y","CLB"
"272","112023_BEL_CBC_T1_278_PSTR","11_13_2024","19.5","","","112023","1_12","11/14/23","PSTR","Bleached_Tissue","UML_NARWHAL_R5_B19","UML_NARWHAL_R2_B12","y","CLP"
"273","112023_BEL_CBC_T2_304_OFAV","11_13_2024","96","","","112023","2_76","11/14/23","OFAV","Healthy","UML_NARWHAL_R5_B19","UML_NARWHAL_R2_B12","y","Healthy"
"274","112023_BEL_CBC_T2_305_PAST","11_13_2024","9.24","","","112023","2_68","11/14/23","PAST","Healthy","UML_NARWHAL_R5_B19","UML_NARWHAL_R2_B12","y","Healthy"
"275","112023_BEL_CBC_T2_306_MCAV","11_13_2024","32.8","","","112023","2_69","11/14/23","MCAV","Bleached_Tissue","UML_NARWHAL_R5_B19","UML_NARWHAL_R2_B12","y","CLP"
"276","112023_BEL_CBC_T2_307_SSID","11_13_2024","45.4","","","112023","2_99","11/14/23","SSID","Bleached_Tissue","UML_NARWHAL_R5_B19","UML_NARWHAL_R2_B12","y","CLB"
"277","112023_BEL_CBC_T2_308_PAST","11_13_2024","12.1","","","112023","2_63","11/14/23","PAST","Bleached_Tissue","UML_NARWHAL_R5_B19","UML_NARWHAL_R2_B12","y","CLB"
"278","112023_BEL_CBC_T2_309_PAST","11_13_2024","5.92","","","112023","2_57","11/14/23","PAST","Bleached_Tissue","UML_NARWHAL_R5_B19","UML_NARWHAL_R2_B12","y","CLP,CLB"
"279","112023_BEL_CBC_T2_310_MCAV","11_13_2024","68.2","","","112023","2_55","11/14/23","MCAV","Bleached_Tissue","UML_NARWHAL_R5_B19","UML_NARWHAL_R2_B12","y","CLP"
"280","112023_BEL_CBC_T2_311_MCAV","11_13_2024","47","","","112023","2_60","11/14/23","MCAV","Bleached_Tissue","UML_NARWHAL_R5_B19","UML_NARWHAL_R2_B12","y","CLP"
"281","112023_BEL_CBC_T2_312_OFAV","11_13_2024","50.6","","","112023","2_79","11/14/23","OFAV","Bleached_Tissue","UML_NARWHAL_R5_B19","UML_NARWHAL_R2_B12","y","CLP,CLB"
"282","112023_BEL_CBC_T2_313_SSID","11_13_2024","43.4","","","112023","2_72","11/14/23","SSID","Bleached_Tissue","UML_NARWHAL_R5_B19","UML_NARWHAL_R2_B12","y","CLP,CLB"
"283","112023_BEL_CBC_T2_314_SSID","11_13_2024","65.6","","","112023","2_73","11/14/23","SSID","Bleached_Tissue","UML_NARWHAL_R5_B19","UML_NARWHAL_R2_B12","y","CLB"
"284","112023_BEL_CBC_T3_347_MCAV","11_15_2024","10.1","","","112023","3_2","11/13/23","MCAV","Bleached_Tissue","UML_NARWHAL_R5_B19","UML_NARWHAL_R2_B12","y","CLP"
"285","112023_BEL_CBC_T3_348_SSID","11_15_2024","15.2","","","112023","3_5","11/13/23","SSID","Healthy","UML_NARWHAL_R5_B19","UML_NARWHAL_R2_B12","y","Healthy"
"286","112023_BEL_CBC_T3_349_PAST","11_15_2024","5.72","","","112023","3_6","11/13/23","PAST","Bleached_Tissue","UML_NARWHAL_R5_B19","UML_NARWHAL_R2_B12","y","CLB"
"287","112023_BEL_CBC_T3_350_OFAV","11_15_2024","73.6","","","112023","3_38","11/13/23","OFAV","Healthy","UML_NARWHAL_R5_B19","UML_NARWHAL_R2_B12","y","Healthy"
"288","112023_BEL_CBC_T3_351_OFAV","11_15_2024","45.2","","","112023","3_66","11/13/23","OFAV","Healthy","UML_NARWHAL_R5_B19","UML_NARWHAL_R2_B12","y","Healthy"
"289","112023_BEL_CBC_T3_352_PAST","11_15_2024","9.16","","","112023","3_10","11/13/23","PAST","Bleached_Tissue","UML_NARWHAL_R5_B19","UML_NARWHAL_R2_B12","y","CLB"
"290","112023_BEL_CBC_T3_353_MCAV","11_15_2024","10.6","","","112023","3_14","11/13/23","MCAV","Bleached_Tissue","UML_NARWHAL_R5_B19","UML_NARWHAL_R2_B12","y","CLP"
"291","112023_BEL_CBC_T3_354_PSTR","11_15_2024","2.34","","","112023","3_20","11/13/23","PSTR","Bleached_Tissue","UML_NARWHAL_R5_B19","UML_NARWHAL_R2_B12","y","CLP"
"292","112023_BEL_CBC_T3_355_PSTR","11_15_2024","1.27","","","112023","3_70","11/13/23","PSTR","Bleached_Tissue","UML_NARWHAL_R5_B19","UML_NARWHAL_R2_B12","y","CLP,CLB"
"293","112023_BEL_CBC_T3_356_MCAV","11_15_2024","67.6","","","112023","3_21","11/13/23","MCAV","Bleached_Tissue","UML_NARWHAL_R5_B19","UML_NARWHAL_R2_B12","y","CLP,CLB"
"294","112023_BEL_CBC_T3_357_OFAV","11_15_2024","50.6","","","112023","3_39","11/13/23","OFAV","Healthy","UML_NARWHAL_R5_B19","UML_NARWHAL_R2_B12","y","Healthy"
"295","112023_BEL_CBC_T3_358_SSID","11_15_2024","102","","","112023","3_33","11/13/23","SSID","Bleached_Tissue","UML_NARWHAL_R5_B19","UML_NARWHAL_R2_B12","y","CLP,CLB"
"296","112023_BEL_CBC_T3_359_PAST","11_15_2024","1.98","","","112023","3_34","11/13/23","PAST","Bleached_Tissue","UML_NARWHAL_R5_B19","UML_NARWHAL_R2_B12","y","CLP"
"297","112023_BEL_CBC_T4_396_MCAV","11_15_2024","45.8","","","112023","4_28","11/13/23","MCAV","Healthy","UML_NARWHAL_R5_B19","UML_NARWHAL_R2_B12","y","Healthy"
"298","112023_BEL_CBC_T4_397_PSTR","11_15_2024","11.9","","","112023","4_98","11/13/23","PSTR","Bleached_Tissue","UML_NARWHAL_R5_B19","UML_NARWHAL_R2_B12","y","CLB"
"299","112023_BEL_CBC_T4_398_PSTR","11_15_2024","3.08","","","112023","4_79","11/13/23","PSTR","Bleached_Tissue","UML_NARWHAL_R5_B19","UML_NARWHAL_R2_B12","y","CLP"
"300","112023_BEL_CBC_T4_399_MCAV","11_15_2024","13.9","","","112023","4_76","11/13/23","MCAV","Bleached_Tissue","UML_NARWHAL_R5_B19","UML_NARWHAL_R2_B12","y","CLP"
"301","112023_BEL_CBC_T4_400_OFAV","11_15_2024","47.8","","","112023","4_78","11/13/23","OFAV","Bleached_Tissue","UML_NARWHAL_R5_B19","UML_NARWHAL_R2_B12","y","CLP"
"302","112023_BEL_CBC_T4_401_MCAV","11_15_2024","21.8","","","112023","4_30","11/13/23","MCAV","Bleached_Tissue","UML_NARWHAL_R5_B19","UML_NARWHAL_R2_B12","y","CLP"
"303","122022_BEL_CBC_T1_122_PSTR","7_12_2024","9.58","8_6_2024","UML_NARWHAL_R6_B27","122022","1_12","12/2/22","PSTR","Healthy","UML_NARWHAL_R1_B4","UML_NARWHAL_R2_B26","y","Healthy"
"304","122022_BEL_CBC_T1_123_OANN","7_16_2024","9.51","8_6_2024","UML_NARWHAL_R6_B27","122022","1_25","12/2/22","OANN","Healthy","UML_NARWHAL_R1_B4","UML_NARWHAL_R2_B26","y","Healthy"
"305","122022_BEL_CBC_T1_150_PAST","8_19_2024","5.72","9_28_2024","UML_NARWHAL_R6_B30","122022","1_21","12/2/22","PAST","Healthy","UML_NARWHAL_R1_B4","UML_NARWHAL_R2_B29, UML_NARWHAL_R2_B34","y","Healthy"
"306","122022_BEL_CBC_T1_151_MCAV","8_12_2024","0.218","10_6_2024","UML_NARWHAL_R6_B30","122022","1_24","12/2/22","MCAV","Healthy","UML_NARWHAL_R1_B4","UML_NARWHAL_R2_B26","y","Healthy"
"307","122022_BEL_CBC_T1_152_PAST","8_19_2024","1.16","9_28_2024","UML_NARWHAL_R6_B30","122022","1_13","12/2/22","PAST","Healthy","UML_NARWHAL_R1_B4","UML_NARWHAL_R2_B29, UML_NARWHAL_R2_B34","y","Healthy"
"308","122022_BEL_CBC_T1_156_SSID","12_2_2024","5.33","","","122022","1_3","12/2/22","SSID","Healthy","UML_NARWHAL_R1_B4","UML_NARWHAL_R2_B14","y","Healthy"
"309","122022_BEL_CBC_T1_158_PAST","8_19_2024","2.53","9_28_2024","UML_NARWHAL_R6_B30","122022","1_2","12/2/22","PAST","Healthy","UML_NARWHAL_R1_B4","UML_NARWHAL_R2_B29, UML_NARWHAL_R2_B34","y","Healthy"
"310","122022_BEL_CBC_T2_100_PAST","8_19_2024","15.6","9_28_2024","UML_NARWHAL_R6_B30","122022","2_63","12/4/22","PAST","Healthy","UML_NARWHAL_R1_B4","UML_NARWHAL_R2_B29, UML_NARWHAL_R2_B34","y","Healthy"
"311","122022_BEL_CBC_T2_83_PAST","9_11_2024","21.8","9_28_2024","UML_NARWHAL_R6_B30","122022","2_57","12/4/22","PAST","Healthy","UML_NARWHAL_R1_B4","UML_NARWHAL_R2_B29","y","Healthy"
"312","122022_BEL_CBC_T2_86_MCAV","8_12_2024","0.093","10_6_2024","UML_NARWHAL_R6_B30","122022","2_60","12/4/22","MCAV","Healthy","UML_NARWHAL_R1_B4","UML_NARWHAL_R2_B26","y","Healthy"
"313","122022_BEL_CBC_T2_87_OFAV","6_27_2023","62.2","10_11_23","UML_NARWHAL_R6_B1","122022","2_79","12/4/22","OFAV","Healthy","UML_NARWHAL_R1_B4","UML_NARWHAL_R2_B3","y","Healthy"
"314","122022_BEL_CBC_T2_88_MCAV","8_12_2024","0.884","10_6_2024","UML_NARWHAL_R6_B30","122022","2_55","12/4/22","MCAV","Healthy","UML_NARWHAL_R1_B4","UML_NARWHAL_R2_B26","y","Healthy"
"315","122022_BEL_CBC_T2_90_SSID","12_4_2024","30.7","","","122022","2_73","12/4/22","SSID","Bleached_Tissue","UML_NARWHAL_R1_B4","UML_NARWHAL_R2_B15","y","CLB"
"316","122022_BEL_CBC_T2_92_MCAV","8_12_2024","0.166","10_6_2024","UML_NARWHAL_R6_B30","122022","2_69","12/4/22","MCAV","Healthy","UML_NARWHAL_R1_B4","UML_NARWHAL_R2_B26","y","Healthy"
"317","122022_BEL_CBC_T2_93_OFAV","6_27_2023","46.1","10_11_23","UML_NARWHAL_R6_B1","122022","2_76","12/4/22","OFAV","Healthy","Depleted_UML_NARWHAL_R1_B4","UML_NARWHAL_R2_B3","y","Healthy"
"318","122022_BEL_CBC_T2_94_PAST","9_11_2024","27.6","10_6_2024","UML_NARWHAL_R6_B30","122022","2_68","12/4/22","PAST","Healthy","UML_NARWHAL_R1_B4","UML_NARWHAL_R2_B29","y","Healthy"
"319","122022_BEL_CBC_T2_96_SSID","1_13_2025","12.1","","","122022","2_72","12/4/22","SSID","Healthy","UML_NARWHAL_R1_B4","UML_NARWHAL_R2_B15","y","CLB"
"320","122022_BEL_CBC_T3_116_PAST","9_11_2024","30.9","10_6_2024","UML_NARWHAL_R6_B30","122022","3_6","12/3/22","PAST","Healthy","UML_NARWHAL_R1_B5","UML_NARWHAL_R2_B29","y","Healthy"
"321","122022_BEL_CBC_T3_119_MCAV","8_12_2024","0.388","10_6_2024","UML_NARWHAL_R6_B30","122022","3_2","12/3/22","MCAV","Healthy","UML_NARWHAL_R1_B5","UML_NARWHAL_R2_B26","y","Healthy"
"322","122022_BEL_CBC_T3_120_SSID","1_14_2025","11.8","","","122022","3_5","12/3/22","SSID","Healthy","UML_NARWHAL_R1_B5","UML_NARWHAL_R2_B15","y","Healthy"
"323","122022_BEL_CBC_T3_121_OFAV","6_22_2023","103.2","10_16_2023","UML_NARWHAL_R6_B1","122022","3_38","12/3/22","OFAV","Healthy","UML_NARWHAL_R1_B5","UML_NARWHAL_R2_B3","y","Healthy"
"324","122022_BEL_CBC_T3_123_PAST","9_11_2024","2.67","10_16_2024","UML_NARWHAL_R6_B27","122022","3_10","12/3/22","PAST","Healthy","UML_NARWHAL_R1_B5","UML_NARWHAL_R2_B29","y","Healthy"
"325","122022_BEL_CBC_T3_124_PAST","9_11_2024","2.7","10_16_2024","UML_NARWHAL_R6_B27","122022","3_34","12/3/22","PAST","Healthy","UML_NARWHAL_R1_B5","UML_NARWHAL_R2_B29","y","Healthy"
"326","122022_BEL_CBC_T3_126_SSID","1_14_2025","61","","","122022","3_33","12/3/22","SSID","Healthy","UML_NARWHAL_R1_B5","UML_NARWHAL_R2_B15","y","Healthy"
"327","122022_BEL_CBC_T3_127_OFAV","6_22_2023","36.3","10_11_23","UML_NARWHAL_R6_B1","122022","3_39","12/3/22","OFAV","Healthy","UML_NARWHAL_R1_B5","UML_NARWHAL_R2_B3","y","Healthy"
"328","122022_BEL_CBC_T3_128_MCAV","8_12_2024","1.07","10_6_2024","UML_NARWHAL_R6_B30","122022","3_21","12/3/22","MCAV","Healthy","UML_NARWHAL_R1_B5","UML_NARWHAL_R2_B26","y","Healthy"
"329","122022_BEL_CBC_T3_141_PSTR","7_12_2024","6.21","8_6_2024","UML_NARWHAL_R6_B27","122022","3_20","12/3/22","PSTR","Healthy","UML_NARWHAL_R1_B5","UML_NARWHAL_R2_B26","y","Healthy"
"330","122022_BEL_CBC_T3_142_MCAV","8_12_2024","0.355","10_6_2024","UML_NARWHAL_R6_B30","122022","3_14","12/3/22","MCAV","Healthy","UML_NARWHAL_R1_B5","UML_NARWHAL_R2_B26","y","Healthy"
"331","122022_BEL_CBC_T3_147_OFAV","6_22_2023","50.7","10_11_23","UML_NARWHAL_R6_B1","122022","3_66","12/3/22","OFAV","Healthy","UML_NARWHAL_R1_B5","UML_NARWHAL_R2_B3","y","Healthy"
"332","122022_BEL_CBC_T3_151_PSTR","7_12_2024","10.8","8_6_2024","UML_NARWHAL_R6_B27","122022","3_70","12/3/22","PSTR","Healthy","UML_NARWHAL_R1_B5","UML_NARWHAL_R2_B26","y","Healthy"
"333","122022_BEL_CBC_T4_1_OFAV","7_16_2024","44.7","8_6_2024","","122022","4_78","12/5/22","OFAV","Healthy","UML_NARWHAL_R1_B5","UML_NARWHAL_R2_B26","y","Healthy"
"334","122022_BEL_CBC_T4_11_MCAV","8_12_2024","0.348","11_6_2024","UML_NARWHAL_R6_B27","122022","4_30","12/5/22","MCAV","Healthy","UML_NARWHAL_R1_B5","UML_NARWHAL_R2_B29","y","Healthy"
"335","122022_BEL_CBC_T4_3_MCAV","8_12_2024","0.314","10_6_2024","UML_NARWHAL_R6_B30","122022","4_76","12/5/22","MCAV","Healthy","UML_NARWHAL_R1_B5","UML_NARWHAL_R2_B26","y","Healthy"
"336","122022_BEL_CBC_T4_34_PSTR","7_12_2024","3.99","10_16_2024","UML_NARWHAL_R6_B27","122022","4_98","12/5/22","PSTR","Healthy","UML_NARWHAL_R1_B5","UML_NARWHAL_R2_B26","y","Healthy"
"337","122022_BEL_CBC_T4_38_MCAV","8_12_2024","3.1","10_6_2024","UML_NARWHAL_R6_B30","122022","4_28","12/5/22","MCAV","Healthy","UML_NARWHAL_R1_B5","UML_NARWHAL_R2_B26","y","Healthy"
"338","122022_BEL_CBC_T4_4_PSTR","7_12_2024","7.07","8_6_2024","","122022","4_79","12/5/22","PSTR","Healthy","UML_NARWHAL_R1_B5","UML_NARWHAL_R2_B26","y","Healthy"
"339","122023_BEL_CBC_T1_506_PAST","11_18_2024","3.44","","","122023","1_2","12/16/23","PAST","Bleached_Tissue","UML_NARWHAL_R5_B19","UML_NARWHAL_R2_B13","y","CLB"
"340","122023_BEL_CBC_T1_507_PAST","11_18_2024","1.58","","","122023","1_21","12/16/23","PAST","Bleached_Tissue","UML_NARWHAL_R5_B19","UML_NARWHAL_R2_B13","y","CLB,CLP"
"341","122023_BEL_CBC_T1_508_SSID","11_18_2024","15.7","","","122023","1_3","12/16/23","SSID","Healthy","UML_NARWHAL_R5_B19","UML_NARWHAL_R2_B13","y","Healthy"
"342","122023_BEL_CBC_T1_509_MCAV","11_18_2024","16.4","","","122023","1_24","12/16/23","MCAV","Healthy","UML_NARWHAL_R5_B19","UML_NARWHAL_R2_B13","y","Healthy"
"343","122023_BEL_CBC_T1_510_PSTR","11_18_2024","57.8","","","122023","1_12","12/16/23","PSTR","Healthy","UML_NARWHAL_R5_B19","UML_NARWHAL_R2_B13","y","Healthy"
"344","122023_BEL_CBC_T1_511_OANN","11_18_2024","7.38","","","122023","1_25","12/16/23","OANN","Bleached_Tissue","UML_NARWHAL_R5_B19","UML_NARWHAL_R2_B13","y","CLP"
"345","122023_BEL_CBC_T2_512_OFAV","11_18_2024","28.4","","","122023","2_76","12/15/23","OFAV","Healthy","UML_NARWHAL_R5_B19","UML_NARWHAL_R2_B13","y","Healthy"
"346","122023_BEL_CBC_T2_513_SSID","11_18_2024","18.8","","","122023","2_73","12/15/23","SSID","Bleached_Tissue","UML_NARWHAL_R5_B19","UML_NARWHAL_R2_B13","y","CLB"
"347","122023_BEL_CBC_T2_514_SSID","11_18_2024","25","","","122023","2_72","12/15/23","SSID","Bleached_Tissue","UML_NARWHAL_R5_B19","UML_NARWHAL_R2_B13","y","CLB"
"348","122023_BEL_CBC_T2_515_PAST","11_18_2024","9.86","","","122023","2_68","12/15/23","PAST","Healthy","UML_NARWHAL_R5_B19","UML_NARWHAL_R2_B13","y","Healthy"
"349","122023_BEL_CBC_T2_516_MCAV","11_18_2024","22.4","","","122023","2_69","12/15/23","MCAV","Healthy","UML_NARWHAL_R5_B19","UML_NARWHAL_R2_B13","y","Healthy"
"350","122023_BEL_CBC_T2_517_SSID","11_18_2024","36.6","","","122023","2_99","12/15/23","SSID","Bleached_Tissue","UML_NARWHAL_R5_B19","UML_NARWHAL_R2_B13","y","CLP"
"351","122023_BEL_CBC_T2_518_MCAV","11_18_2024","18.8","","","122023","2_55","12/15/23","MCAV","Bleached_Tissue","UML_NARWHAL_R5_B19","UML_NARWHAL_R2_B13","y","CLP,CLB"
"352","122023_BEL_CBC_T2_519_PAST","11_18_2024","14.4","","","122023","2_63","12/15/23","PAST","Bleached_Tissue","UML_NARWHAL_R5_B19","UML_NARWHAL_R2_B13","y","CLP,CLB"
"353","122023_BEL_CBC_T2_520_PAST","11_18_2024","5.98","","","122023","2_57","12/15/23","PAST","Bleached_Tissue","UML_NARWHAL_R5_B19","UML_NARWHAL_R2_B13","y","CLP,CLB"
"354","122023_BEL_CBC_T2_521_OFAV","11_18_2024","37.6","","","122023","2_79","12/15/23","OFAV","Bleached_Tissue","UML_NARWHAL_R5_B19","UML_NARWHAL_R2_B13","y","CLP"
"355","122023_BEL_CBC_T2_522_MCAV","11_18_2024","17.3","","","122023","2_60","12/15/23","MCAV","Bleached_Tissue","UML_NARWHAL_R5_B19","UML_NARWHAL_R2_B13","y","CLB"
"356","122023_BEL_CBC_T3_479_PAST ","11_19_2024","1.75","","","122023","3_34","12/16/23","PAST","Healthy","UML_NARWHAL_R5_B19","UML_NARWHAL_R2_B13","y","Healthy"
"357","122023_BEL_CBC_T3_523_MCAV","11_19_2024","33","","","122023","3_2","12/16/23","MCAV","Bleached_Tissue","UML_NARWHAL_R5_B19","UML_NARWHAL_R2_B13","y","CLP"
"358","122023_BEL_CBC_T3_524_OFAV","11_19_2024","71.8","","","122023","3_38","12/16/23","OFAV","Healthy","UML_NARWHAL_R5_B19","UML_NARWHAL_R2_B13","y","Healthy"
"359","122023_BEL_CBC_T3_525_PAST","11_19_2024","2.54","","","122023","3_6","12/16/23","PAST","Bleached_Tissue","UML_NARWHAL_R5_B19","UML_NARWHAL_R2_B13","y","CLB"
"360","122023_BEL_CBC_T3_526_SSID","11_19_2024","16.4","","","122023","3_5","12/16/23","SSID","Healthy","UML_NARWHAL_R5_B19","UML_NARWHAL_R2_B13","y","Healthy"
"361","122023_BEL_CBC_T3_527_OFAV","11_19_2024","16.1","","","122023","3_66","12/16/23","OFAV","Healthy","UML_NARWHAL_R5_B19","UML_NARWHAL_R2_B13","y","Healthy"
"362","122023_BEL_CBC_T3_528_PAST ","11_19_2024","3.06","","","122023","3_10","12/16/23","PAST","Bleached_Tissue","UML_NARWHAL_R5_B19","UML_NARWHAL_R2_B13","y","CLB"
"363","122023_BEL_CBC_T3_529_MCAV","11_19_2024","34.8","","","122023","3_14","12/16/23","MCAV","Healthy","UML_NARWHAL_R5_B19","UML_NARWHAL_R2_B13","y","Healthy"
"364","122023_BEL_CBC_T3_530_PSTR","11_19_2024","1.18","","","122023","3_20","12/16/23","PSTR","Healthy","UML_NARWHAL_R5_B19","UML_NARWHAL_R2_B13","y","Healthy"
"365","122023_BEL_CBC_T3_531_PSTR","11_19_2024","16.8","","","122023","3_70","12/16/23","PSTR","Bleached_Tissue","UML_NARWHAL_R5_B19","UML_NARWHAL_R2_B13","y","CLP,CLB"
"366","122023_BEL_CBC_T3_532_MCAV","11_19_2024","93.8","","","122023","3_21","12/16/23","MCAV","Bleached_Tissue","UML_NARWHAL_R5_B19","UML_NARWHAL_R2_B13","y","CLP"
"367","122023_BEL_CBC_T3_533_OFAV","11_19_2024","51.2","","","122023","3_39","12/16/23","OFAV","Healthy","UML_NARWHAL_R5_B19","UML_NARWHAL_R2_B13","y","Healthy"
"368","122023_BEL_CBC_T3_534_SSID","11_19_2024","28.4","","","122023","3_33","12/16/23","SSID","Healthy","UML_NARWHAL_R5_B19","UML_NARWHAL_R2_B13","y","DC"
"369","122023_BEL_CBC_T4_535_MCAV","11_19_2024","22.6","","","122023","4_28","12/16/23","MCAV","Healthy","UML_NARWHAL_R5_B19","UML_NARWHAL_R2_B13","y","Healthy"
"370","122023_BEL_CBC_T4_536_PSTR","11_19_2024","25.2","","","122023","4_98","12/16/23","PSTR","Bleached_Tissue","UML_NARWHAL_R5_B19","UML_NARWHAL_R2_B13","y","CLP,CLB"
"371","122023_BEL_CBC_T4_537_PSTR","11_19_2024","5.22","","","122023","4_79","12/16/23","PSTR","Bleached_Tissue","UML_NARWHAL_R5_B19","UML_NARWHAL_R2_B13","y","CLP"
"372","122023_BEL_CBC_T4_538_OFAV","11_19_2024","17.7","","","122023","4_78","12/16/23","OFAV","Bleached_Tissue","UML_NARWHAL_R5_B19","UML_NARWHAL_R2_B13","y","CLP"
"373","122023_BEL_CBC_T4_539_MCAV","11_19_2024","27.8","","","122023","4_76","12/16/23","MCAV","Bleached_Tissue","UML_NARWHAL_R5_B19","UML_NARWHAL_R2_B13","y","CLP"
"374","122023_BEL_CBC_T4_540_MCAV","11_19_2024","49.8","","","122023","4_30","12/16/23","MCAV","Healthy","UML_NARWHAL_R5_B19","UML_NARWHAL_R2_B13","y","Healthy"
